True phone,Predicted phone
g,"[('k', 42), ('aa', 11), ('g', 9), ('ay', 8), ('ao', 6)]"
ih,"[('ix', 20), ('eh', 20), ('ey', 17), ('ih', 15), ('iy', 6)]"
axr,"[('axr', 35), ('r', 27), ('er', 21), ('dx', 16), ('eh', 1)]"
kcl,"[('tcl', 28), ('pcl', 27), ('kcl', 25), ('dcl', 7), ('gcl', 4)]"
t,"[('t', 52), ('d', 23), ('s', 11), ('k', 3), ('z', 3)]"
k,"[('k', 79), ('g', 13), ('kcl', 7), ('gcl', 1)]"
g,"[('f', 32), ('k', 23), ('t', 13), ('p', 7), ('hh', 5)]"
dh,"[('t', 34), ('s', 22), ('d', 19), ('z', 15), ('tcl', 5)]"
ae,"[('eh', 29), ('ae', 24), ('ih', 19), ('ix', 10), ('ey', 7)]"
r,"[('r', 23), ('ih', 19), ('ey', 15), ('ix', 11), ('axr', 9)]"
r,"[('r', 60), ('er', 21), ('axr', 13), ('v', 3), ('dx', 1)]"
g,"[('g', 47), ('k', 44), ('hh', 4), ('p', 2), ('dx', 2)]"
r,"[('r', 53), ('axr', 22), ('dx', 7), ('er', 5), ('ix', 4)]"
iy,"[('iy', 28), ('ih', 21), ('ix', 16), ('y', 12), ('ux', 12)]"
d,"[('t', 37), ('d', 35), ('s', 7), ('tcl', 5), ('p', 5)]"
ow,"[('l', 37), ('ax', 15), ('ow', 14), ('el', 9), ('w', 6)]"
m,"[('n', 24), ('m', 22), ('dx', 6), ('ix', 6), ('dcl', 5)]"
tcl,"[('tcl', 38), ('pcl', 30), ('kcl', 13), ('v', 8), ('dcl', 5)]"
r,"[('axr', 38), ('r', 37), ('er', 22), ('dx', 2), ('ax', 1)]"
ao,"[('aa', 35), ('r', 26), ('ao', 13), ('ax', 5), ('l', 4)]"
z,"[('s', 43), ('z', 42), ('t', 5), ('jh', 3), ('sh', 2)]"
s,"[('s', 78), ('z', 21), ('dcl', 1)]"
v,"[('b', 24), ('dh', 21), ('f', 13), ('v', 10), ('pcl', 6)]"
l,"[('v', 26), ('b', 21), ('dh', 14), ('ix', 9), ('d', 8)]"
en,"[('b', 22), ('v', 20), ('m', 13), ('n', 8), ('tcl', 5)]"
ih,"[('iy', 43), ('ix', 21), ('ih', 12), ('ey', 10), ('y', 5)]"
k,"[('k', 67), ('t', 15), ('d', 6), ('g', 4), ('p', 4)]"
eh,"[('r', 55), ('axr', 15), ('er', 11), ('dx', 7), ('aa', 2)]"
ih,"[('ax', 29), ('ix', 24), ('ih', 17), ('l', 7), ('ah', 5)]"
ow,"[('ow', 26), ('ao', 13), ('ax', 13), ('l', 13), ('w', 13)]"
b,"[('w', 32), ('el', 25), ('l', 20), ('ao', 7), ('ow', 6)]"
tcl,"[('tcl', 21), ('kcl', 19), ('sh', 14), ('p', 6), ('f', 6)]"
b,"[('r', 25), ('v', 23), ('b', 23), ('w', 8), ('m', 3)]"
v,"[('v', 43), ('b', 16), ('w', 7), ('r', 7), ('m', 5)]"
p,"[('m', 19), ('tcl', 16), ('pcl', 16), ('kcl', 15), ('dcl', 6)]"
dx,"[('iy', 22), ('dx', 14), ('ix', 12), ('d', 10), ('y', 8)]"
r,"[('r', 32), ('ix', 16), ('dx', 10), ('eh', 9), ('axr', 8)]"
ow,"[('l', 19), ('ow', 18), ('ax', 15), ('ah', 8), ('ao', 6)]"
ah,"[('ah', 17), ('ow', 13), ('ax', 13), ('aa', 11), ('eh', 6)]"
m,"[('n', 40), ('m', 28), ('w', 9), ('bcl', 7), ('ng', 7)]"
ey,"[('ix', 18), ('ae', 15), ('eh', 12), ('n', 12), ('ih', 11)]"
n,"[('n', 36), ('m', 17), ('dcl', 6), ('dx', 6), ('nx', 6)]"
f,"[('f', 48), ('dh', 12), ('b', 12), ('p', 11), ('th', 6)]"
q,"[('ih', 28), ('ix', 20), ('hv', 11), ('dx', 10), ('iy', 10)]"
ih,"[('iy', 22), ('ey', 16), ('hv', 15), ('ix', 12), ('ae', 8)]"
dcl,"[('dcl', 26), ('d', 13), ('dx', 13), ('hv', 9), ('zh', 8)]"
r,"[('ix', 20), ('r', 15), ('ae', 14), ('eh', 12), ('dx', 7)]"
r,"[('r', 49), ('axr', 17), ('er', 9), ('ix', 6), ('dx', 6)]"
iy,"[('iy', 67), ('ix', 13), ('y', 5), ('ih', 5), ('hv', 2)]"
p,"[('p', 37), ('b', 25), ('dh', 15), ('v', 4), ('dx', 4)]"
ey,"[('ey', 41), ('eh', 21), ('ae', 14), ('ih', 7), ('ay', 6)]"
w,"[('l', 28), ('ax', 24), ('ow', 12), ('w', 7), ('ah', 6)]"
r,"[('r', 50), ('er', 14), ('axr', 10), ('ae', 9), ('eh', 9)]"
dcl,"[('dcl', 67), ('tcl', 13), ('dx', 6), ('jh', 2), ('pcl', 2)]"
r,"[('r', 59), ('er', 20), ('axr', 13), ('eh', 4), ('ih', 2)]"
v,"[('dcl', 28), ('v', 21), ('tcl', 15), ('gcl', 10), ('dh', 7)]"
l,"[('l', 29), ('ax', 13), ('v', 9), ('m', 7), ('dh', 7)]"
kcl,"[('kcl', 51), ('tcl', 25), ('gcl', 11), ('v', 4), ('dh', 3)]"
z,"[('z', 82), ('s', 6), ('ix', 3), ('tcl', 3), ('dh', 2)]"
w,"[('ao', 42), ('w', 23), ('l', 11), ('aa', 7), ('ow', 4)]"
m,"[('m', 39), ('n', 21), ('l', 10), ('dh', 7), ('ax', 4)]"
kcl,"[('kcl', 24), ('tcl', 20), ('f', 17), ('pcl', 15), ('v', 12)]"
k,"[('k', 56), ('t', 13), ('p', 10), ('d', 7), ('g', 4)]"
r,"[('r', 53), ('axr', 22), ('er', 17), ('v', 3), ('l', 1)]"
oy,"[('ao', 17), ('l', 15), ('ah', 15), ('oy', 12), ('aa', 11)]"
w,"[('w', 61), ('ao', 14), ('r', 5), ('v', 3), ('eh', 3)]"
iy,"[('iy', 33), ('ih', 18), ('ix', 17), ('y', 8), ('ux', 7)]"
s,"[('s', 84), ('z', 14), ('tcl', 2)]"
eh,"[('ae', 62), ('eh', 12), ('ay', 9), ('ey', 5), ('ah', 4)]"
r,"[('r', 40), ('ix', 11), ('iy', 11), ('axr', 8), ('er', 7)]"
r,"[('ay', 25), ('ae', 17), ('r', 9), ('g', 6), ('aa', 5)]"
l,"[('ao', 37), ('l', 14), ('aa', 12), ('ah', 9), ('ow', 7)]"
ey,"[('ey', 54), ('ih', 17), ('iy', 15), ('ix', 9), ('eh', 4)]"
dcl,"[('dcl', 66), ('tcl', 13), ('dx', 8), ('gcl', 4), ('n', 2)]"
d,"[('d', 24), ('f', 11), ('b', 11), ('t', 11), ('v', 9)]"
axr,"[('axr', 23), ('r', 19), ('ix', 15), ('er', 8), ('eh', 8)]"
m,"[('n', 53), ('ix', 17), ('ih', 8), ('nx', 4), ('ux', 3)]"
eh,"[('ix', 26), ('eh', 23), ('ae', 19), ('ih', 13), ('ah', 3)]"
bcl,"[('dcl', 51), ('bcl', 34), ('tcl', 5), ('v', 5), ('gcl', 5)]"
aa,"[('l', 30), ('aa', 19), ('ao', 15), ('ah', 10), ('ow', 9)]"
uw,"[('l', 35), ('w', 26), ('el', 18), ('ow', 4), ('ao', 3)]"
ae,"[('ae', 23), ('ix', 18), ('eh', 16), ('ih', 9), ('n', 8)]"
w,"[('w', 53), ('l', 19), ('ao', 10), ('el', 6), ('r', 3)]"
kcl,"[('sh', 24), ('z', 19), ('kcl', 13), ('jh', 11), ('k', 7)]"
dh,"[('v', 23), ('dh', 20), ('dcl', 12), ('bcl', 10), ('m', 8)]"
ih,"[('ih', 33), ('ix', 17), ('iy', 17), ('y', 9), ('ux', 8)]"
ah,"[('ah', 20), ('ae', 17), ('ay', 13), ('eh', 7), ('aa', 6)]"
dx,"[('v', 16), ('m', 13), ('b', 11), ('ax', 10), ('dx', 9)]"
er,"[('axr', 41), ('r', 37), ('er', 15), ('dx', 2), ('v', 1)]"
t,"[('t', 38), ('k', 17), ('f', 14), ('p', 11), ('d', 7)]"
z,"[('s', 67), ('z', 32), ('tcl', 1)]"
q,"[('ow', 28), ('q', 11), ('aw', 10), ('ax', 9), ('ah', 9)]"
ax-h,"[('dcl', 43), ('v', 15), ('tcl', 10), ('n', 8), ('dx', 7)]"
s,"[('s', 75), ('z', 23), ('p', 1), ('tcl', 1)]"
q,"[('p', 12), ('b', 9), ('ix', 9), ('dh', 7), ('t', 7)]"
ih,"[('ix', 24), ('eh', 22), ('ih', 17), ('ae', 17), ('ah', 4)]"
n,"[('ax', 19), ('ih', 15), ('ix', 13), ('eh', 11), ('l', 10)]"
q,"[('ah', 20), ('aa', 17), ('l', 10), ('ao', 9), ('ax', 8)]"
ix,"[('ix', 40), ('ih', 19), ('n', 11), ('eh', 8), ('ax', 4)]"
ay,"[('ay', 67), ('eh', 10), ('ah', 7), ('ix', 4), ('ae', 3)]"
dx,"[('iy', 31), ('y', 19), ('ux', 14), ('ix', 9), ('ih', 9)]"
l,"[('iy', 27), ('ix', 19), ('ey', 13), ('l', 13), ('ih', 10)]"
aw,"[('aa', 27), ('ae', 22), ('aw', 17), ('ah', 12), ('eh', 7)]"
ae,"[('ae', 49), ('eh', 18), ('hh', 5), ('ay', 4), ('ix', 4)]"
r,"[('r', 47), ('axr', 28), ('er', 19), ('eh', 2), ('ih', 2)]"
hh,"[('f', 22), ('kcl', 11), ('dh', 8), ('b', 8), ('k', 7)]"
iy,"[('ix', 21), ('l', 13), ('ih', 13), ('ey', 13), ('iy', 11)]"
tcl,"[('dx', 21), ('b', 14), ('v', 13), ('d', 12), ('ix', 5)]"
w,"[('ah', 27), ('l', 14), ('ax', 13), ('eh', 8), ('ow', 7)]"
n,"[('n', 39), ('dcl', 8), ('m', 8), ('tcl', 7), ('dx', 6)]"
n,"[('dcl', 40), ('gcl', 14), ('m', 9), ('bcl', 8), ('n', 7)]"
dcl,"[('dx', 15), ('ix', 13), ('b', 9), ('n', 8), ('g', 7)]"
ao,"[('ao', 28), ('l', 26), ('el', 14), ('w', 13), ('ow', 10)]"
n,"[('n', 36), ('m', 14), ('ng', 13), ('gcl', 4), ('ih', 4)]"
pcl,"[('v', 22), ('dcl', 17), ('bcl', 13), ('gcl', 10), ('tcl', 10)]"
axr,"[('axr', 31), ('r', 21), ('er', 12), ('ix', 11), ('eh', 7)]"
t,"[('s', 78), ('z', 16), ('jh', 2), ('t', 2), ('ax-h', 1)]"
ix,"[('ix', 43), ('ih', 20), ('ux', 5), ('eh', 4), ('axr', 4)]"
iy,"[('n', 21), ('dx', 11), ('iy', 9), ('ix', 8), ('hv', 8)]"
dx,"[('dx', 36), ('r', 32), ('axr', 17), ('er', 5), ('v', 2)]"
eh,"[('eh', 20), ('ix', 19), ('r', 14), ('axr', 10), ('ih', 9)]"
tcl,"[('tcl', 35), ('pcl', 21), ('dcl', 17), ('kcl', 16), ('bcl', 6)]"
dcl,"[('pcl', 43), ('bcl', 27), ('dcl', 13), ('tcl', 10), ('gcl', 3)]"
kcl,"[('v', 21), ('kcl', 19), ('tcl', 11), ('b', 10), ('gcl', 9)]"
p,"[('f', 37), ('p', 34), ('dh', 9), ('th', 6), ('b', 4)]"
gcl,"[('dcl', 48), ('gcl', 13), ('tcl', 10), ('bcl', 8), ('n', 7)]"
r,"[('r', 74), ('er', 11), ('axr', 10), ('v', 3), ('dx', 1)]"
ih,"[('ih', 51), ('axr', 13), ('iy', 12), ('ix', 7), ('eh', 6)]"
ix,"[('hv', 20), ('iy', 16), ('ix', 15), ('ey', 13), ('w', 7)]"
pcl,"[('pcl', 41), ('tcl', 28), ('kcl', 15), ('bcl', 8), ('dcl', 6)]"
k,"[('sh', 41), ('s', 17), ('jh', 16), ('ch', 10), ('k', 5)]"
ay,"[('ey', 34), ('eh', 20), ('ae', 13), ('ay', 11), ('ix', 7)]"
ao,"[('aa', 40), ('ao', 14), ('q', 10), ('ah', 7), ('l', 6)]"
tcl,"[('n', 22), ('dx', 20), ('nx', 17), ('v', 11), ('m', 10)]"
f,"[('f', 84), ('v', 4), ('th', 3), ('pcl', 3), ('dh', 2)]"
tcl,"[('s', 82), ('z', 7), ('tcl', 5), ('th', 2), ('f', 1)]"
ah,"[('l', 34), ('ax', 24), ('ix', 9), ('ow', 6), ('ah', 5)]"
r,"[('r', 55), ('er', 28), ('axr', 15), ('aa', 2)]"
er,"[('r', 41), ('axr', 29), ('er', 27), ('dx', 2), ('v', 1)]"
n,"[('n', 59), ('ng', 10), ('en', 8), ('iy', 5), ('m', 4)]"
tcl,"[('dh', 19), ('tcl', 16), ('dcl', 14), ('v', 10), ('z', 7)]"
axr,"[('r', 19), ('axr', 16), ('er', 11), ('aa', 9), ('ax', 7)]"
ae,"[('ae', 40), ('eh', 18), ('ah', 8), ('ax', 7), ('ow', 5)]"
eh,"[('eh', 20), ('ix', 17), ('ih', 13), ('dx', 8), ('r', 8)]"
v,"[('dcl', 51), ('bcl', 23), ('v', 6), ('gcl', 4), ('tcl', 4)]"
axr,"[('axr', 45), ('er', 24), ('r', 22), ('eh', 3), ('aa', 3)]"
r,"[('iy', 23), ('ey', 23), ('ix', 17), ('ih', 17), ('ux', 8)]"
ay,"[('ay', 63), ('ae', 13), ('eh', 7), ('ah', 4), ('oy', 3)]"
t,"[('t', 53), ('k', 28), ('p', 5), ('f', 4), ('d', 3)]"
sh,"[('sh', 65), ('ch', 9), ('s', 6), ('tcl', 5), ('t', 4)]"
r,"[('aa', 42), ('ao', 16), ('r', 8), ('ay', 6), ('l', 5)]"
ih,"[('ae', 38), ('eh', 16), ('ix', 10), ('ih', 9), ('hv', 7)]"
bcl,"[('bcl', 75), ('dcl', 9), ('tcl', 5), ('b', 3), ('v', 3)]"
l,"[('l', 34), ('w', 27), ('el', 9), ('ax', 8), ('ow', 7)]"
ey,"[('ey', 21), ('ih', 18), ('ae', 17), ('ix', 11), ('iy', 11)]"
ix,"[('ix', 23), ('d', 18), ('dx', 14), ('z', 8), ('dh', 7)]"
ux,"[('iy', 53), ('ix', 11), ('ey', 11), ('ih', 7), ('y', 6)]"
ey,"[('iy', 55), ('ey', 17), ('ih', 9), ('ix', 8), ('q', 3)]"
dx,"[('dx', 48), ('ix', 11), ('d', 8), ('n', 6), ('nx', 6)]"
ix,"[('ix', 23), ('ae', 21), ('eh', 16), ('ih', 10), ('b', 5)]"
l,"[('l', 22), ('w', 20), ('b', 16), ('v', 13), ('ao', 9)]"
z,"[('s', 78), ('z', 15), ('t', 5), ('tcl', 1), ('d', 1)]"
l,"[('w', 43), ('l', 21), ('v', 9), ('b', 5), ('m', 4)]"
k,"[('k', 47), ('g', 10), ('d', 8), ('b', 7), ('kcl', 6)]"
r,"[('dx', 38), ('r', 37), ('axr', 10), ('er', 7), ('ax', 2)]"
dcl,"[('dcl', 89), ('dx', 4), ('tcl', 3), ('pcl', 1), ('m', 1)]"
ih,"[('ih', 35), ('iy', 17), ('ix', 13), ('y', 10), ('ux', 9)]"
dcl,"[('kcl', 30), ('tcl', 14), ('v', 9), ('dcl', 7), ('d', 6)]"
n,"[('n', 54), ('en', 7), ('m', 7), ('dcl', 6), ('ng', 6)]"
w,"[('w', 25), ('l', 24), ('ao', 19), ('ax', 8), ('el', 7)]"
f,"[('f', 92), ('v', 2), ('b', 2), ('tcl', 1), ('dh', 1)]"
l,"[('ax', 26), ('l', 25), ('w', 10), ('ow', 7), ('uh', 5)]"
w,"[('aa', 33), ('ao', 18), ('l', 10), ('ay', 5), ('ow', 5)]"
l,"[('iy', 24), ('ix', 18), ('ih', 11), ('n', 9), ('l', 8)]"
tcl,"[('dcl', 70), ('gcl', 17), ('tcl', 7), ('bcl', 2), ('n', 1)]"
ax-h,"[('dx', 31), ('ix', 14), ('nx', 12), ('b', 7), ('p', 6)]"
hv,"[('b', 30), ('p', 12), ('dh', 11), ('dx', 9), ('m', 4)]"
b,"[('b', 18), ('n', 18), ('dx', 12), ('v', 8), ('dcl', 8)]"
kcl,"[('tcl', 19), ('pcl', 16), ('b', 10), ('v', 10), ('dcl', 9)]"
kcl,"[('kcl', 43), ('pcl', 28), ('tcl', 19), ('bcl', 4), ('f', 2)]"
iy,"[('eh', 18), ('ay', 17), ('ix', 15), ('r', 7), ('l', 6)]"
eh,"[('eh', 27), ('ae', 25), ('hv', 10), ('ix', 10), ('ih', 9)]"
ao,"[('l', 24), ('ao', 21), ('aa', 11), ('ax', 8), ('q', 6)]"
ao,"[('ao', 35), ('aa', 18), ('r', 10), ('l', 10), ('w', 5)]"
ix,"[('ix', 34), ('ax', 13), ('l', 11), ('z', 10), ('dh', 5)]"
ng,"[('n', 28), ('d', 11), ('iy', 10), ('ix', 8), ('ng', 6)]"
l,"[('l', 46), ('el', 33), ('ax', 7), ('w', 5), ('ow', 2)]"
k,"[('p', 35), ('b', 30), ('k', 11), ('hh', 4), ('ix', 3)]"
kcl,"[('kcl', 46), ('f', 19), ('k', 7), ('s', 6), ('gcl', 4)]"
y,"[('iy', 61), ('y', 16), ('ix', 8), ('ey', 5), ('ih', 3)]"
ae,"[('ae', 31), ('ix', 25), ('eh', 19), ('ih', 5), ('dx', 3)]"
l,"[('l', 44), ('ax', 18), ('ah', 9), ('ow', 5), ('el', 4)]"
q,"[('ix', 33), ('dx', 15), ('ih', 11), ('ax', 6), ('eh', 6)]"
v,"[('pcl', 24), ('v', 16), ('tcl', 14), ('f', 10), ('dcl', 8)]"
m,"[('n', 47), ('m', 31), ('ng', 6), ('dcl', 4), ('en', 4)]"
er,"[('r', 56), ('axr', 12), ('er', 7), ('w', 6), ('v', 6)]"
z,"[('s', 45), ('z', 30), ('sh', 13), ('jh', 4), ('zh', 3)]"
ae,"[('eh', 29), ('ih', 18), ('ix', 18), ('ae', 15), ('ey', 9)]"
dx,"[('dx', 25), ('ih', 18), ('ix', 13), ('d', 12), ('n', 7)]"
ih,"[('eh', 21), ('ae', 15), ('ah', 13), ('ax', 11), ('ix', 10)]"
f,"[('f', 71), ('pcl', 9), ('tcl', 5), ('v', 3), ('th', 3)]"
sh,"[('sh', 74), ('ch', 9), ('jh', 9), ('tcl', 6), ('z', 1)]"
ow,"[('l', 36), ('ao', 27), ('w', 8), ('el', 7), ('ow', 5)]"
g,"[('k', 31), ('g', 31), ('p', 16), ('d', 7), ('dx', 3)]"
d,"[('d', 58), ('dx', 9), ('t', 9), ('p', 5), ('tcl', 4)]"
l,"[('l', 43), ('el', 19), ('ax', 14), ('ow', 9), ('ao', 5)]"
ix,"[('ix', 26), ('ih', 14), ('iy', 12), ('dx', 9), ('ey', 7)]"
l,"[('l', 41), ('ax', 17), ('w', 11), ('ow', 6), ('el', 6)]"
tcl,"[('tcl', 36), ('pcl', 33), ('kcl', 22), ('dcl', 4), ('bcl', 2)]"
l,"[('l', 27), ('ax', 14), ('el', 10), ('ao', 9), ('ah', 9)]"
iy,"[('iy', 44), ('ix', 14), ('hv', 9), ('ux', 7), ('y', 6)]"
n,"[('n', 49), ('m', 29), ('ng', 5), ('nx', 5), ('en', 3)]"
w,"[('w', 68), ('l', 18), ('el', 6), ('iy', 2), ('ix', 2)]"
dcl,"[('tcl', 32), ('pcl', 23), ('kcl', 12), ('dcl', 9), ('v', 7)]"
gcl,"[('dcl', 20), ('m', 17), ('tcl', 15), ('n', 12), ('gcl', 9)]"
r,"[('ix', 20), ('r', 15), ('ax', 7), ('eh', 6), ('axr', 6)]"
dcl,"[('dcl', 59), ('tcl', 12), ('bcl', 9), ('pcl', 5), ('v', 3)]"
dh,"[('dh', 36), ('f', 14), ('t', 10), ('d', 10), ('p', 7)]"
ax,"[('dx', 20), ('nx', 12), ('ix', 10), ('v', 10), ('r', 10)]"
ow,"[('ow', 23), ('ax', 18), ('ah', 12), ('ao', 7), ('oy', 7)]"
g,"[('g', 32), ('k', 10), ('d', 6), ('n', 5), ('b', 5)]"
gcl,"[('gcl', 24), ('r', 12), ('m', 10), ('dx', 6), ('dcl', 6)]"
n,"[('n', 42), ('m', 41), ('nx', 5), ('en', 5), ('ng', 3)]"
eh,"[('ay', 32), ('ah', 20), ('aa', 9), ('ax', 6), ('ae', 6)]"
ow,"[('l', 40), ('ao', 17), ('w', 12), ('ow', 10), ('el', 9)]"
n,"[('n', 29), ('dcl', 18), ('gcl', 11), ('m', 11), ('bcl', 7)]"
ix,"[('n', 21), ('v', 13), ('dx', 11), ('ix', 11), ('m', 8)]"
t,"[('d', 27), ('b', 14), ('t', 9), ('dh', 7), ('p', 7)]"
kcl,"[('kcl', 42), ('pcl', 30), ('tcl', 21), ('bcl', 3), ('dh', 1)]"
w,"[('ae', 28), ('eh', 14), ('axr', 13), ('r', 6), ('w', 5)]"
l,"[('l', 36), ('r', 22), ('ax', 9), ('axr', 9), ('w', 7)]"
dh,"[('dh', 47), ('f', 13), ('b', 10), ('th', 7), ('d', 7)]"
ih,"[('eh', 25), ('r', 13), ('ix', 12), ('ih', 9), ('ae', 9)]"
iy,"[('iy', 42), ('y', 18), ('ix', 8), ('ih', 7), ('dx', 5)]"
p,"[('f', 60), ('p', 16), ('d', 4), ('tcl', 3), ('th', 3)]"
ix,"[('ix', 23), ('ah', 19), ('ax', 16), ('eh', 9), ('ih', 5)]"
ay,"[('ah', 22), ('l', 18), ('aa', 11), ('ay', 6), ('ax', 6)]"
v,"[('v', 45), ('b', 22), ('dh', 5), ('p', 4), ('gcl', 3)]"
tcl,"[('sh', 42), ('tcl', 31), ('ch', 12), ('jh', 8), ('s', 3)]"
l,"[('l', 48), ('ax', 15), ('ah', 8), ('ow', 7), ('ix', 5)]"
r,"[('r', 52), ('axr', 27), ('er', 12), ('dx', 4), ('q', 1)]"
n,"[('n', 61), ('m', 11), ('dcl', 10), ('en', 3), ('nx', 2)]"
b,"[('iy', 37), ('y', 30), ('ux', 9), ('ix', 7), ('dx', 4)]"
s,"[('sh', 51), ('tcl', 17), ('jh', 11), ('s', 7), ('ch', 5)]"
r,"[('r', 25), ('dx', 22), ('v', 18), ('m', 6), ('axr', 5)]"
s,"[('s', 81), ('z', 14), ('t', 2), ('ch', 1), ('jh', 1)]"
tcl,"[('tcl', 36), ('dcl', 27), ('sh', 14), ('jh', 9), ('kcl', 6)]"
l,"[('l', 44), ('ax', 17), ('ow', 12), ('ih', 5), ('el', 4)]"
m,"[('n', 61), ('m', 22), ('nx', 3), ('ng', 3), ('dcl', 2)]"
ix,"[('iy', 50), ('ih', 14), ('ix', 11), ('ey', 8), ('y', 7)]"
hv,"[('p', 36), ('f', 14), ('hh', 12), ('pcl', 9), ('t', 5)]"
dh,"[('dh', 26), ('t', 21), ('f', 15), ('th', 14), ('d', 9)]"
l,"[('l', 60), ('w', 13), ('ao', 4), ('r', 4), ('el', 4)]"
n,"[('n', 49), ('iy', 9), ('ix', 9), ('m', 6), ('ng', 5)]"
dcl,"[('pcl', 30), ('tcl', 27), ('dcl', 22), ('kcl', 10), ('gcl', 6)]"
n,"[('m', 24), ('n', 19), ('dh', 11), ('dcl', 10), ('v', 7)]"
g,"[('l', 35), ('el', 17), ('ao', 8), ('b', 6), ('v', 5)]"
iy,"[('n', 24), ('iy', 20), ('ix', 12), ('ng', 12), ('en', 6)]"
p,"[('p', 40), ('b', 23), ('dh', 10), ('f', 9), ('k', 6)]"
tcl,"[('tcl', 30), ('pcl', 24), ('f', 13), ('v', 10), ('kcl', 10)]"
ux,"[('iy', 48), ('ix', 17), ('ih', 11), ('y', 4), ('ux', 4)]"
nx,"[('ax', 28), ('l', 11), ('ow', 10), ('ix', 7), ('ah', 7)]"
kcl,"[('f', 26), ('kcl', 22), ('pcl', 20), ('tcl', 16), ('gcl', 7)]"
ix,"[('ix', 29), ('ih', 21), ('eh', 7), ('ux', 6), ('ax', 6)]"
z,"[('s', 71), ('z', 16), ('sh', 5), ('tcl', 2), ('t', 2)]"
iy,"[('iy', 72), ('y', 16), ('ix', 6), ('ux', 3), ('g', 1)]"
p,"[('s', 72), ('z', 18), ('ch', 3), ('tcl', 3), ('sh', 2)]"
ix,"[('w', 26), ('b', 12), ('ix', 9), ('dx', 7), ('ih', 7)]"
axr,"[('axr', 31), ('r', 28), ('er', 18), ('eh', 12), ('q', 3)]"
s,"[('s', 80), ('z', 19), ('tcl', 1)]"
ix,"[('ix', 22), ('dx', 19), ('ih', 13), ('d', 6), ('eh', 6)]"
tcl,"[('dcl', 31), ('gcl', 19), ('tcl', 17), ('v', 13), ('kcl', 6)]"
ux,"[('ux', 43), ('iy', 19), ('ix', 16), ('y', 7), ('ih', 4)]"
n,"[('n', 60), ('m', 22), ('en', 7), ('dcl', 4), ('ng', 4)]"
r,"[('r', 53), ('axr', 17), ('er', 9), ('iy', 5), ('ix', 4)]"
dcl,"[('dcl', 65), ('bcl', 16), ('gcl', 15), ('tcl', 4)]"
eh,"[('eh', 27), ('ix', 16), ('ae', 16), ('ey', 8), ('r', 7)]"
iy,"[('y', 41), ('iy', 38), ('ix', 7), ('ux', 5), ('ih', 4)]"
s,"[('s', 65), ('z', 17), ('sh', 6), ('t', 5), ('ch', 4)]"
r,"[('r', 46), ('axr', 28), ('er', 19), ('dx', 3), ('v', 3)]"
eh,"[('eh', 21), ('ae', 20), ('ix', 18), ('ih', 16), ('hv', 8)]"
w,"[('w', 44), ('l', 27), ('ao', 11), ('el', 8), ('ow', 4)]"
y,"[('iy', 50), ('y', 43), ('ix', 3), ('ih', 2), ('ux', 1)]"
ax,"[('l', 27), ('ao', 26), ('w', 25), ('ow', 12), ('aa', 4)]"
bcl,"[('m', 30), ('bcl', 25), ('dcl', 13), ('n', 12), ('gcl', 8)]"
ch,"[('sh', 46), ('ch', 23), ('jh', 18), ('tcl', 6), ('t', 4)]"
sh,"[('sh', 58), ('ch', 29), ('jh', 6), ('t', 4), ('zh', 1)]"
ae,"[('ae', 46), ('ay', 18), ('eh', 14), ('ah', 5), ('ey', 3)]"
jh,"[('sh', 66), ('ch', 13), ('t', 8), ('zh', 4), ('jh', 3)]"
eh,"[('ae', 29), ('eh', 15), ('ah', 14), ('ix', 10), ('ay', 8)]"
y,"[('iy', 25), ('y', 19), ('dx', 11), ('dcl', 9), ('ix', 7)]"
ax,"[('b', 22), ('dh', 9), ('v', 8), ('ix', 7), ('n', 6)]"
ih,"[('ih', 38), ('eh', 18), ('ix', 12), ('y', 7), ('iy', 6)]"
ay,"[('aa', 25), ('ay', 20), ('aw', 15), ('r', 8), ('ax', 6)]"
tcl,"[('f', 34), ('pcl', 27), ('tcl', 13), ('kcl', 9), ('bcl', 6)]"
s,"[('s', 70), ('z', 15), ('jh', 5), ('sh', 4), ('ch', 3)]"
r,"[('r', 50), ('axr', 17), ('er', 11), ('aa', 9), ('q', 3)]"
ix,"[('ix', 28), ('ax', 10), ('ih', 10), ('eh', 7), ('dx', 6)]"
kcl,"[('kcl', 46), ('f', 13), ('k', 9), ('tcl', 8), ('bcl', 5)]"
tcl,"[('tcl', 28), ('dcl', 22), ('pcl', 17), ('kcl', 9), ('dh', 6)]"
s,"[('s', 80), ('z', 16), ('tcl', 2), ('t', 2)]"
l,"[('l', 31), ('el', 19), ('ow', 16), ('w', 13), ('ao', 11)]"
aa,"[('aa', 38), ('ao', 26), ('l', 12), ('ow', 5), ('ah', 5)]"
ix,"[('ih', 25), ('eh', 23), ('ix', 21), ('ae', 12), ('axr', 3)]"
z,"[('z', 42), ('s', 36), ('jh', 8), ('ch', 5), ('sh', 4)]"
ux,"[('ux', 40), ('ix', 17), ('ih', 13), ('iy', 10), ('y', 5)]"
s,"[('s', 62), ('z', 30), ('tcl', 5), ('t', 2), ('sh', 1)]"
l,"[('l', 31), ('ax', 15), ('ow', 8), ('w', 8), ('el', 7)]"
ux,"[('iy', 48), ('y', 13), ('n', 7), ('dcl', 5), ('ih', 4)]"
m,"[('m', 40), ('n', 34), ('ng', 6), ('bcl', 6), ('dcl', 4)]"
tcl,"[('tcl', 58), ('s', 15), ('pcl', 7), ('kcl', 6), ('dcl', 3)]"
dh,"[('dh', 34), ('d', 13), ('v', 10), ('b', 9), ('tcl', 8)]"
dh,"[('v', 45), ('dh', 22), ('gcl', 6), ('bcl', 5), ('tcl', 5)]"
w,"[('w', 81), ('l', 5), ('v', 5), ('el', 4), ('ao', 4)]"
bcl,"[('bcl', 59), ('dcl', 35), ('tcl', 3), ('gcl', 1), ('pcl', 1)]"
tcl,"[('tcl', 57), ('pcl', 14), ('dcl', 6), ('kcl', 5), ('bcl', 5)]"
ae,"[('ae', 35), ('aa', 20), ('r', 14), ('ay', 5), ('axr', 4)]"
z,"[('s', 22), ('z', 18), ('sh', 17), ('jh', 15), ('tcl', 9)]"
axr,"[('r', 43), ('axr', 32), ('er', 22), ('v', 2), ('dx', 1)]"
ay,"[('aa', 42), ('ay', 28), ('ao', 14), ('aw', 4), ('oy', 4)]"
ay,"[('ay', 18), ('ey', 14), ('ae', 12), ('ix', 11), ('eh', 8)]"
n,"[('n', 23), ('ix', 12), ('dh', 9), ('nx', 7), ('ax', 5)]"
kcl,"[('tcl', 37), ('pcl', 31), ('kcl', 21), ('bcl', 6), ('dcl', 3)]"
gcl,"[('bcl', 40), ('dcl', 23), ('gcl', 16), ('kcl', 5), ('v', 4)]"
bcl,"[('dcl', 40), ('bcl', 16), ('n', 11), ('gcl', 10), ('tcl', 5)]"
ah,"[('aa', 40), ('ao', 14), ('l', 9), ('ah', 7), ('ax', 7)]"
axr,"[('r', 28), ('v', 14), ('w', 10), ('ax', 9), ('ao', 8)]"
r,"[('r', 51), ('axr', 23), ('er', 20), ('q', 2), ('eh', 2)]"
s,"[('s', 55), ('z', 34), ('th', 3), ('tcl', 3), ('t', 2)]"
dcl,"[('dcl', 44), ('bcl', 16), ('m', 10), ('n', 8), ('dh', 6)]"
ay,"[('ay', 38), ('aa', 19), ('ah', 17), ('aw', 7), ('ae', 6)]"
b,"[('p', 55), ('b', 15), ('t', 8), ('k', 6), ('dh', 5)]"
k,"[('k', 36), ('kcl', 19), ('f', 12), ('sh', 11), ('t', 11)]"
dcl,"[('dcl', 83), ('tcl', 7), ('dx', 4), ('bcl', 2), ('n', 2)]"
f,"[('f', 64), ('s', 8), ('th', 7), ('v', 5), ('pcl', 5)]"
tcl,"[('kcl', 17), ('tcl', 13), ('p', 12), ('v', 11), ('pcl', 11)]"
p,"[('f', 50), ('dh', 15), ('b', 11), ('th', 6), ('t', 4)]"
b,"[('p', 33), ('b', 31), ('dh', 9), ('v', 4), ('pcl', 4)]"
aa,"[('aa', 47), ('ay', 22), ('ao', 12), ('aw', 4), ('ae', 3)]"
b,"[('dh', 29), ('b', 17), ('p', 12), ('d', 11), ('v', 9)]"
gcl,"[('pcl', 55), ('tcl', 24), ('dcl', 12), ('bcl', 4), ('kcl', 3)]"
b,"[('b', 26), ('v', 18), ('dx', 14), ('ax', 6), ('ix', 6)]"
k,"[('t', 44), ('k', 18), ('p', 13), ('d', 9), ('g', 5)]"
m,"[('n', 16), ('dh', 13), ('m', 12), ('dcl', 11), ('v', 10)]"
ih,"[('ih', 28), ('ix', 14), ('eh', 12), ('iy', 9), ('ey', 7)]"
ix,"[('ix', 24), ('ih', 20), ('iy', 17), ('dx', 9), ('ey', 9)]"
ey,"[('iy', 19), ('ey', 17), ('hv', 14), ('ix', 10), ('l', 10)]"
th,"[('f', 23), ('s', 23), ('tcl', 12), ('pcl', 10), ('th', 8)]"
v,"[('r', 16), ('ax', 10), ('m', 8), ('n', 7), ('ix', 7)]"
iy,"[('iy', 39), ('n', 22), ('y', 13), ('gcl', 4), ('ix', 4)]"
kcl,"[('tcl', 27), ('f', 21), ('pcl', 10), ('kcl', 8), ('s', 6)]"
eh,"[('ax', 21), ('ah', 18), ('eh', 8), ('l', 7), ('ow', 7)]"
hv,"[('iy', 14), ('gcl', 11), ('y', 11), ('dcl', 10), ('hv', 10)]"
aa,"[('ao', 29), ('aa', 27), ('ah', 16), ('ay', 9), ('l', 5)]"
k,"[('k', 71), ('t', 18), ('d', 4), ('hh', 2), ('sh', 1)]"
iy,"[('iy', 51), ('ey', 10), ('ih', 9), ('q', 7), ('ix', 7)]"
iy,"[('iy', 72), ('y', 10), ('ey', 8), ('ih', 6), ('q', 2)]"
dcl,"[('dcl', 55), ('bcl', 22), ('gcl', 11), ('tcl', 9), ('kcl', 2)]"
s,"[('s', 51), ('z', 43), ('th', 3), ('v', 1), ('tcl', 1)]"
tcl,"[('pcl', 49), ('tcl', 22), ('kcl', 20), ('f', 7), ('v', 1)]"
dx,"[('aa', 22), ('ax', 15), ('ow', 9), ('ae', 9), ('q', 7)]"
z,"[('s', 68), ('z', 23), ('sh', 3), ('jh', 2), ('tcl', 2)]"
iy,"[('ix', 22), ('ih', 15), ('iy', 13), ('hv', 8), ('q', 7)]"
g,"[('g', 49), ('k', 42), ('dx', 2), ('hh', 2), ('l', 1)]"
ay,"[('ay', 48), ('ae', 27), ('eh', 7), ('ah', 6), ('aa', 4)]"
el,"[('w', 30), ('l', 17), ('ao', 7), ('el', 7), ('ow', 6)]"
k,"[('k', 75), ('p', 7), ('hh', 7), ('g', 5), ('b', 2)]"
p,"[('b', 24), ('dh', 16), ('p', 16), ('v', 14), ('d', 8)]"
tcl,"[('z', 39), ('tcl', 19), ('s', 15), ('kcl', 7), ('dcl', 6)]"
pcl,"[('pcl', 55), ('tcl', 32), ('kcl', 5), ('dcl', 4), ('bcl', 3)]"
n,"[('n', 52), ('m', 18), ('gcl', 9), ('ng', 6), ('tcl', 2)]"
sh,"[('sh', 60), ('jh', 12), ('ch', 12), ('tcl', 7), ('t', 4)]"
zh,"[('sh', 47), ('jh', 24), ('ch', 16), ('tcl', 5), ('z', 3)]"
ow,"[('ax', 24), ('ow', 20), ('ah', 19), ('l', 14), ('eh', 3)]"
kcl,"[('pcl', 30), ('tcl', 28), ('kcl', 27), ('dcl', 5), ('gcl', 4)]"
iy,"[('iy', 62), ('ix', 9), ('y', 7), ('n', 4), ('ih', 3)]"
aa,"[('k', 27), ('aa', 21), ('ay', 10), ('p', 9), ('g', 8)]"
axr,"[('axr', 29), ('er', 27), ('r', 20), ('eh', 14), ('ih', 4)]"
d,"[('pcl', 37), ('tcl', 32), ('kcl', 10), ('dcl', 6), ('f', 6)]"
k,"[('b', 27), ('p', 24), ('k', 10), ('v', 10), ('g', 7)]"
ih,"[('ih', 19), ('iy', 19), ('ix', 18), ('ey', 15), ('hv', 7)]"
f,"[('f', 88), ('pcl', 2), ('dh', 2), ('bcl', 2), ('s', 2)]"
w,"[('w', 68), ('l', 12), ('el', 5), ('bcl', 4), ('ax', 4)]"
z,"[('s', 63), ('z', 35), ('sh', 2)]"
eh,"[('eh', 32), ('ae', 18), ('ix', 14), ('ih', 8), ('r', 7)]"
eh,"[('r', 27), ('eh', 14), ('ae', 12), ('axr', 11), ('dx', 8)]"
iy,"[('iy', 59), ('ix', 13), ('ih', 9), ('ey', 8), ('ux', 5)]"
n,"[('ax', 25), ('l', 13), ('ix', 12), ('ah', 6), ('n', 5)]"
f,"[('f', 48), ('th', 17), ('dh', 13), ('s', 11), ('d', 3)]"
p,"[('p', 57), ('f', 8), ('b', 7), ('t', 6), ('k', 5)]"
ax,"[('ay', 15), ('ao', 13), ('aa', 10), ('m', 8), ('n', 7)]"
hv,"[('l', 17), ('w', 17), ('n', 11), ('m', 11), ('bcl', 9)]"
aa,"[('ae', 50), ('aa', 9), ('ay', 9), ('aw', 9), ('eh', 6)]"
pcl,"[('pcl', 55), ('tcl', 27), ('dcl', 8), ('bcl', 6), ('kcl', 2)]"
l,"[('l', 28), ('ax', 21), ('ah', 10), ('ow', 9), ('uh', 6)]"
l,"[('l', 37), ('ax', 24), ('el', 9), ('ow', 8), ('uh', 5)]"
w,"[('w', 87), ('l', 5), ('ao', 2), ('el', 1), ('bcl', 1)]"
iy,"[('iy', 55), ('ix', 15), ('ux', 8), ('ih', 6), ('y', 3)]"
ae,"[('ix', 20), ('ae', 17), ('eh', 16), ('ih', 9), ('r', 8)]"
dcl,"[('tcl', 41), ('pcl', 36), ('kcl', 14), ('dcl', 3), ('gcl', 3)]"
y,"[('iy', 71), ('y', 20), ('ix', 2), ('ey', 1), ('ih', 1)]"
w,"[('w', 68), ('l', 18), ('b', 3), ('ax', 2), ('v', 2)]"
ih,"[('ix', 20), ('dx', 18), ('d', 6), ('hv', 6), ('iy', 5)]"
tcl,"[('dcl', 20), ('dx', 11), ('kcl', 10), ('d', 10), ('gcl', 8)]"
s,"[('s', 71), ('tcl', 12), ('z', 9), ('t', 2), ('f', 2)]"
ax,"[('ix', 38), ('ax', 9), ('n', 8), ('dh', 6), ('v', 5)]"
n,"[('iy', 25), ('ix', 22), ('ih', 19), ('y', 8), ('dx', 6)]"
sh,"[('sh', 64), ('ch', 15), ('jh', 13), ('t', 5), ('tcl', 1)]"
t,"[('t', 59), ('d', 9), ('p', 9), ('k', 6), ('b', 3)]"
ix,"[('ix', 32), ('ax', 16), ('ih', 12), ('eh', 5), ('dx', 5)]"
ih,"[('ih', 35), ('ix', 24), ('iy', 16), ('ux', 11), ('ey', 6)]"
jh,"[('s', 24), ('jh', 24), ('sh', 22), ('ch', 17), ('t', 6)]"
ey,"[('ih', 18), ('ix', 17), ('iy', 16), ('ey', 16), ('ux', 7)]"
iy,"[('iy', 55), ('y', 15), ('ix', 9), ('ih', 7), ('q', 4)]"
b,"[('b', 26), ('p', 16), ('f', 13), ('dh', 13), ('d', 11)]"
ae,"[('ae', 60), ('eh', 17), ('ay', 9), ('ix', 7), ('ah', 3)]"
l,"[('l', 41), ('w', 29), ('el', 12), ('ax', 4), ('m', 3)]"
m,"[('m', 37), ('r', 12), ('n', 11), ('g', 10), ('l', 7)]"
t,"[('t', 33), ('f', 18), ('p', 9), ('k', 7), ('hh', 7)]"
p,"[('p', 43), ('t', 12), ('k', 12), ('hh', 11), ('d', 5)]"
t,"[('t', 70), ('f', 13), ('th', 7), ('tcl', 2), ('v', 2)]"
ae,"[('eh', 29), ('ae', 29), ('ih', 12), ('ix', 12), ('ey', 5)]"
eh,"[('eh', 25), ('ih', 19), ('ix', 16), ('ae', 9), ('axr', 6)]"
m,"[('m', 39), ('n', 16), ('ng', 7), ('iy', 6), ('gcl', 5)]"
ih,"[('iy', 39), ('ih', 21), ('ix', 12), ('y', 9), ('ey', 9)]"
er,"[('axr', 29), ('r', 18), ('er', 15), ('aa', 12), ('ix', 8)]"
t,"[('t', 39), ('d', 33), ('p', 11), ('b', 4), ('k', 4)]"
n,"[('dcl', 37), ('bcl', 14), ('v', 14), ('tcl', 10), ('gcl', 9)]"
l,"[('ix', 24), ('ey', 12), ('ay', 12), ('iy', 12), ('l', 9)]"
axr,"[('r', 37), ('axr', 19), ('aa', 17), ('er', 11), ('ah', 5)]"
iy,"[('iy', 55), ('ix', 11), ('n', 10), ('y', 6), ('ih', 6)]"
ae,"[('ae', 53), ('eh', 13), ('ix', 8), ('ah', 3), ('dx', 3)]"
l,"[('w', 37), ('l', 19), ('el', 14), ('ow', 11), ('ao', 9)]"
g,"[('k', 22), ('l', 19), ('p', 13), ('ao', 11), ('q', 5)]"
iy,"[('ix', 32), ('ih', 20), ('ux', 9), ('dx', 6), ('r', 6)]"
dcl,"[('dcl', 64), ('n', 13), ('gcl', 6), ('bcl', 5), ('tcl', 5)]"
tcl,"[('tcl', 24), ('kcl', 23), ('v', 12), ('dcl', 9), ('pcl', 8)]"
f,"[('f', 87), ('th', 6), ('v', 2), ('tcl', 2), ('t', 1)]"
gcl,"[('dcl', 35), ('kcl', 20), ('gcl', 19), ('tcl', 14), ('v', 7)]"
s,"[('s', 62), ('z', 37), ('t', 1)]"
m,"[('m', 34), ('n', 33), ('dh', 7), ('ux', 6), ('dcl', 3)]"
w,"[('m', 34), ('r', 9), ('uw', 8), ('w', 6), ('v', 5)]"
m,"[('n', 52), ('m', 15), ('ng', 13), ('en', 6), ('nx', 4)]"
f,"[('f', 79), ('th', 7), ('dh', 4), ('s', 2), ('v', 2)]"
r,"[('r', 42), ('er', 19), ('axr', 14), ('ix', 9), ('eh', 6)]"
m,"[('n', 49), ('m', 26), ('nx', 8), ('en', 8), ('ng', 5)]"
ix,"[('ix', 25), ('ih', 20), ('ey', 17), ('eh', 13), ('q', 5)]"
r,"[('r', 37), ('axr', 28), ('er', 17), ('dx', 5), ('ix', 3)]"
ae,"[('ae', 48), ('ay', 13), ('eh', 9), ('ax', 4), ('ah', 4)]"
y,"[('ix', 30), ('eh', 24), ('ih', 20), ('ae', 10), ('iy', 4)]"
dcl,"[('dcl', 55), ('gcl', 19), ('n', 5), ('bcl', 4), ('tcl', 3)]"
kcl,"[('kcl', 30), ('v', 20), ('tcl', 13), ('dcl', 10), ('gcl', 8)]"
iy,"[('iy', 51), ('ih', 11), ('y', 11), ('ix', 7), ('hv', 6)]"
s,"[('s', 65), ('z', 19), ('ch', 5), ('sh', 4), ('tcl', 3)]"
bcl,"[('dcl', 52), ('bcl', 20), ('gcl', 16), ('tcl', 5), ('dx', 2)]"
ch,"[('sh', 35), ('ch', 26), ('s', 18), ('jh', 7), ('tcl', 7)]"
ao,"[('ah', 22), ('ow', 18), ('ax', 18), ('eh', 12), ('aa', 5)]"
iy,"[('iy', 72), ('ix', 11), ('y', 10), ('ih', 4), ('ux', 2)]"
b,"[('n', 24), ('m', 14), ('dcl', 12), ('tcl', 8), ('gcl', 7)]"
k,"[('k', 43), ('p', 8), ('b', 8), ('ah', 6), ('d', 5)]"
t,"[('t', 29), ('sh', 24), ('d', 12), ('p', 11), ('ch', 5)]"
ey,"[('iy', 37), ('ih', 17), ('y', 13), ('ix', 12), ('ey', 11)]"
eh,"[('ae', 24), ('ay', 17), ('eh', 15), ('ah', 12), ('ix', 9)]"
ix,"[('ix', 33), ('n', 20), ('ih', 9), ('eh', 5), ('dh', 4)]"
ix,"[('iy', 39), ('ey', 19), ('ix', 16), ('ih', 11), ('q', 6)]"
en,"[('n', 59), ('m', 21), ('en', 5), ('ng', 5), ('gcl', 3)]"
er,"[('r', 44), ('er', 21), ('axr', 19), ('ux', 3), ('ix', 3)]"
tcl,"[('sh', 21), ('jh', 20), ('tcl', 17), ('z', 15), ('dcl', 14)]"
r,"[('r', 77), ('axr', 7), ('dx', 3), ('ax', 3), ('v', 2)]"
hh,"[('k', 60), ('hh', 19), ('g', 11), ('d', 2), ('hv', 2)]"
g,"[('k', 32), ('g', 19), ('p', 11), ('dx', 6), ('b', 4)]"
ux,"[('ih', 25), ('iy', 18), ('ix', 17), ('ey', 14), ('ux', 9)]"
b,"[('b', 33), ('bcl', 11), ('v', 9), ('w', 9), ('l', 8)]"
ae,"[('ae', 46), ('eh', 16), ('ah', 8), ('ay', 4), ('q', 4)]"
kcl,"[('kcl', 48), ('tcl', 28), ('pcl', 19), ('bcl', 4), ('dcl', 1)]"
d,"[('dx', 32), ('d', 11), ('n', 9), ('ix', 7), ('b', 7)]"
hh,"[('k', 54), ('d', 10), ('hh', 7), ('t', 5), ('g', 5)]"
v,"[('v', 29), ('r', 16), ('dx', 9), ('dh', 8), ('b', 7)]"
axr,"[('axr', 51), ('r', 27), ('er', 17), ('dx', 4), ('q', 1)]"
aa,"[('ay', 53), ('aa', 13), ('ae', 9), ('r', 6), ('ah', 5)]"
ay,"[('aa', 28), ('ay', 11), ('ao', 9), ('aw', 6), ('l', 6)]"
w,"[('v', 23), ('r', 22), ('w', 21), ('b', 10), ('m', 5)]"
l,"[('l', 47), ('el', 14), ('ow', 13), ('w', 8), ('ao', 8)]"
p,"[('f', 21), ('b', 19), ('p', 19), ('dh', 17), ('d', 8)]"
n,"[('n', 26), ('iy', 18), ('ix', 16), ('m', 8), ('ng', 7)]"
l,"[('l', 40), ('ax', 18), ('b', 10), ('dh', 5), ('ix', 5)]"
dh,"[('ax', 17), ('v', 16), ('dh', 15), ('m', 8), ('n', 7)]"
ae,"[('ae', 71), ('eh', 14), ('r', 2), ('hh', 2), ('ey', 2)]"
s,"[('s', 80), ('z', 14), ('t', 4), ('sh', 1), ('jh', 1)]"
el,"[('l', 39), ('w', 27), ('el', 18), ('ax', 8), ('ao', 2)]"
r,"[('r', 65), ('axr', 10), ('er', 9), ('w', 3), ('ao', 3)]"
z,"[('s', 77), ('z', 21), ('tcl', 2)]"
aa,"[('ae', 45), ('aa', 17), ('r', 9), ('eh', 7), ('ah', 7)]"
axr,"[('r', 47), ('axr', 27), ('dx', 7), ('er', 3), ('ax', 3)]"
t,"[('t', 33), ('k', 14), ('p', 12), ('d', 10), ('hh', 5)]"
dcl,"[('pcl', 28), ('dcl', 23), ('tcl', 17), ('bcl', 10), ('gcl', 9)]"
aa,"[('aa', 39), ('ah', 11), ('aw', 11), ('ao', 10), ('eh', 6)]"
n,"[('bcl', 36), ('n', 21), ('dcl', 9), ('ng', 7), ('w', 6)]"
s,"[('s', 85), ('z', 14), ('sh', 1)]"
ae,"[('ae', 24), ('ih', 19), ('ix', 18), ('eh', 15), ('hv', 4)]"
z,"[('s', 63), ('z', 35), ('t', 1), ('jh', 1)]"
l,"[('l', 34), ('w', 10), ('el', 8), ('ax', 7), ('ow', 7)]"
bcl,"[('ix', 17), ('dx', 14), ('r', 12), ('axr', 11), ('nx', 6)]"
ix,"[('ix', 34), ('iy', 18), ('ih', 13), ('ux', 11), ('dx', 7)]"
ih,"[('iy', 26), ('ix', 20), ('ih', 12), ('ae', 9), ('ey', 9)]"
ax,"[('ae', 25), ('eh', 17), ('ah', 15), ('ix', 11), ('ow', 10)]"
dcl,"[('bcl', 37), ('dcl', 28), ('pcl', 11), ('gcl', 10), ('v', 6)]"
k,"[('k', 67), ('g', 24), ('kcl', 3), ('hv', 2), ('gcl', 2)]"
n,"[('n', 55), ('m', 16), ('ng', 9), ('gcl', 5), ('en', 4)]"
dx,"[('v', 38), ('dx', 20), ('b', 14), ('r', 6), ('m', 5)]"
ix,"[('ay', 38), ('ah', 11), ('ax', 9), ('eh', 8), ('ix', 5)]"
d,"[('t', 29), ('k', 28), ('d', 9), ('f', 9), ('p', 8)]"
z,"[('s', 66), ('z', 32), ('tcl', 1), ('sh', 1)]"
kcl,"[('dh', 28), ('p', 14), ('b', 12), ('f', 9), ('kcl', 7)]"
n,"[('n', 52), ('ng', 16), ('m', 8), ('w', 6), ('iy', 3)]"
el,"[('ao', 28), ('l', 14), ('w', 13), ('el', 11), ('ow', 11)]"
ow,"[('w', 25), ('l', 23), ('ow', 18), ('el', 14), ('ax', 6)]"
jh,"[('sh', 55), ('jh', 21), ('ch', 15), ('zh', 4), ('dcl', 1)]"
iy,"[('iy', 43), ('ix', 17), ('y', 16), ('ux', 13), ('ih', 4)]"
f,"[('f', 47), ('p', 22), ('pcl', 11), ('tcl', 6), ('v', 3)]"
kcl,"[('pcl', 47), ('kcl', 21), ('tcl', 13), ('f', 9), ('bcl', 3)]"
ae,"[('ae', 61), ('eh', 13), ('ah', 6), ('ay', 5), ('aw', 4)]"
ay,"[('ay', 38), ('aa', 31), ('ao', 13), ('l', 4), ('ah', 4)]"
q,"[('ix', 24), ('iy', 20), ('ih', 17), ('q', 8), ('hv', 6)]"
dcl,"[('s', 58), ('z', 23), ('tcl', 7), ('t', 3), ('kcl', 3)]"
dh,"[('iy', 30), ('n', 16), ('dcl', 9), ('d', 9), ('y', 8)]"
eh,"[('ay', 17), ('r', 12), ('eh', 10), ('ae', 8), ('ix', 6)]"
f,"[('pcl', 33), ('f', 25), ('tcl', 17), ('kcl', 12), ('v', 4)]"
ix,"[('ae', 25), ('hv', 13), ('dh', 9), ('eh', 7), ('p', 7)]"
ey,"[('ey', 25), ('ae', 21), ('ih', 11), ('ix', 9), ('eh', 8)]"
n,"[('ix', 19), ('ax', 11), ('n', 10), ('dx', 7), ('eh', 7)]"
ow,"[('eh', 21), ('ae', 19), ('ay', 13), ('ah', 10), ('ix', 9)]"
n,"[('n', 51), ('m', 12), ('dcl', 10), ('ix', 5), ('en', 4)]"
m,"[('m', 52), ('n', 27), ('ng', 5), ('dcl', 3), ('bcl', 3)]"
hv,"[('hv', 28), ('sh', 12), ('p', 9), ('hh', 9), ('d', 8)]"
ix,"[('ih', 25), ('ix', 16), ('ux', 13), ('iy', 12), ('r', 9)]"
aw,"[('eh', 28), ('ah', 22), ('ae', 14), ('ax', 6), ('ih', 5)]"
ax,"[('ay', 24), ('r', 10), ('ax', 10), ('aa', 10), ('ah', 8)]"
th,"[('pcl', 31), ('kcl', 20), ('tcl', 10), ('th', 10), ('gcl', 6)]"
ix,"[('ix', 27), ('dx', 16), ('ih', 11), ('axr', 6), ('r', 5)]"
f,"[('f', 87), ('th', 4), ('kcl', 2), ('pcl', 2), ('sh', 2)]"
b,"[('p', 58), ('b', 18), ('k', 5), ('t', 5), ('f', 4)]"
ax,"[('ax', 38), ('ih', 13), ('l', 12), ('ix', 11), ('dh', 8)]"
tcl,"[('iy', 33), ('y', 11), ('hv', 11), ('gcl', 9), ('n', 7)]"
ux,"[('iy', 38), ('y', 31), ('ih', 10), ('ix', 5), ('hv', 5)]"
dcl,"[('dcl', 63), ('gcl', 18), ('tcl', 10), ('bcl', 7), ('q', 1)]"
k,"[('k', 63), ('p', 12), ('f', 7), ('t', 7), ('kcl', 5)]"
l,"[('l', 49), ('w', 28), ('el', 7), ('n', 4), ('v', 2)]"
ux,"[('ix', 24), ('ih', 22), ('iy', 9), ('ey', 7), ('eh', 6)]"
g,"[('g', 17), ('k', 14), ('aa', 14), ('ah', 8), ('ax', 7)]"
iy,"[('iy', 49), ('ux', 10), ('y', 10), ('ix', 9), ('ih', 4)]"
eh,"[('eh', 33), ('r', 28), ('ae', 11), ('er', 7), ('axr', 5)]"
b,"[('m', 20), ('n', 19), ('v', 18), ('bcl', 9), ('dcl', 6)]"
er,"[('axr', 36), ('r', 29), ('er', 21), ('dx', 5), ('eh', 3)]"
n,"[('dcl', 39), ('n', 31), ('gcl', 7), ('m', 5), ('tcl', 5)]"
kcl,"[('kcl', 81), ('tcl', 4), ('k', 3), ('f', 3), ('b', 2)]"
ch,"[('sh', 32), ('ch', 27), ('jh', 16), ('t', 10), ('tcl', 5)]"
ix,"[('ix', 36), ('ih', 34), ('eh', 6), ('ux', 5), ('ax', 3)]"
k,"[('k', 72), ('g', 10), ('p', 6), ('kcl', 4), ('t', 3)]"
y,"[('iy', 30), ('hv', 20), ('ix', 18), ('ih', 11), ('y', 9)]"
n,"[('ax', 33), ('l', 9), ('ix', 9), ('dh', 5), ('ah', 5)]"
kcl,"[('kcl', 42), ('pcl', 38), ('tcl', 17), ('f', 1), ('bcl', 1)]"
g,"[('k', 34), ('dh', 18), ('t', 12), ('p', 9), ('b', 9)]"
q,"[('ix', 25), ('iy', 20), ('ih', 17), ('ey', 15), ('ux', 7)]"
dcl,"[('dcl', 44), ('tcl', 26), ('gcl', 11), ('bcl', 8), ('pcl', 7)]"
n,"[('n', 50), ('m', 14), ('ng', 8), ('iy', 6), ('en', 4)]"
ih,"[('ax', 26), ('l', 19), ('ow', 13), ('uw', 8), ('w', 7)]"
p,"[('p', 67), ('k', 16), ('b', 6), ('dx', 3), ('f', 2)]"
hv,"[('hv', 28), ('iy', 15), ('d', 14), ('ih', 8), ('ix', 7)]"
r,"[('ix', 23), ('ih', 12), ('eh', 10), ('dx', 7), ('ax', 6)]"
g,"[('k', 65), ('g', 16), ('kcl', 4), ('hh', 2), ('n', 2)]"
ix,"[('ix', 28), ('iy', 24), ('ih', 18), ('ey', 13), ('q', 5)]"
ow,"[('ah', 24), ('ae', 23), ('eh', 17), ('ax', 7), ('ix', 7)]"
z,"[('tcl', 32), ('pcl', 20), ('kcl', 13), ('z', 13), ('v', 10)]"
tcl,"[('kcl', 23), ('tcl', 18), ('f', 10), ('dh', 9), ('t', 7)]"
ae,"[('ae', 25), ('eh', 18), ('ah', 15), ('ow', 5), ('ay', 5)]"
dx,"[('dcl', 51), ('dx', 17), ('tcl', 11), ('d', 5), ('n', 5)]"
dh,"[('b', 35), ('p', 17), ('dh', 15), ('dx', 7), ('v', 5)]"
n,"[('dh', 14), ('n', 12), ('b', 11), ('dx', 8), ('tcl', 7)]"
eh,"[('ae', 29), ('eh', 17), ('ix', 16), ('ax', 6), ('ay', 6)]"
tcl,"[('pcl', 36), ('tcl', 27), ('kcl', 17), ('f', 8), ('v', 3)]"
eh,"[('ix', 50), ('ih', 21), ('ax', 11), ('ux', 3), ('dh', 2)]"
gcl,"[('dcl', 38), ('gcl', 26), ('bcl', 17), ('tcl', 9), ('kcl', 3)]"
z,"[('z', 44), ('s', 36), ('d', 6), ('g', 2), ('th', 2)]"
n,"[('n', 56), ('m', 14), ('ng', 9), ('en', 4), ('gcl', 3)]"
dcl,"[('n', 31), ('dcl', 14), ('dx', 11), ('m', 9), ('nx', 6)]"
ah,"[('aa', 31), ('ay', 19), ('ax', 8), ('ao', 7), ('l', 7)]"
r,"[('r', 26), ('ae', 20), ('axr', 16), ('eh', 13), ('er', 12)]"
q,"[('eh', 29), ('ih', 18), ('ae', 15), ('q', 8), ('ix', 7)]"
ey,"[('iy', 52), ('ey', 29), ('ih', 10), ('ix', 4), ('ux', 2)]"
dcl,"[('dcl', 79), ('bcl', 12), ('tcl', 4), ('n', 2), ('gcl', 2)]"
b,"[('b', 46), ('v', 18), ('w', 12), ('r', 6), ('dh', 4)]"
ng,"[('n', 56), ('m', 14), ('ng', 10), ('tcl', 3), ('en', 3)]"
dcl,"[('dcl', 77), ('tcl', 16), ('dx', 3), ('gcl', 2), ('n', 1)]"
dh,"[('dh', 29), ('v', 16), ('bcl', 8), ('dcl', 8), ('p', 7)]"
iy,"[('ix', 24), ('ax', 18), ('ah', 11), ('ih', 10), ('nx', 7)]"
ax,"[('l', 43), ('ow', 17), ('ax', 15), ('el', 12), ('ah', 4)]"
v,"[('v', 33), ('b', 19), ('dh', 12), ('d', 6), ('p', 4)]"
ao,"[('l', 34), ('el', 22), ('ao', 16), ('w', 13), ('ow', 9)]"
ey,"[('ih', 21), ('eh', 16), ('ey', 15), ('ix', 14), ('ae', 11)]"
ao,"[('r', 31), ('aa', 20), ('ay', 16), ('ah', 10), ('axr', 7)]"
er,"[('r', 39), ('axr', 13), ('dx', 10), ('ix', 7), ('eh', 6)]"
ix,"[('r', 27), ('axr', 17), ('er', 13), ('ix', 12), ('ih', 6)]"
ng,"[('n', 60), ('m', 20), ('ng', 7), ('en', 6), ('nx', 3)]"
z,"[('s', 68), ('z', 17), ('sh', 8), ('tcl', 4), ('ch', 3)]"
dcl,"[('n', 23), ('gcl', 18), ('dcl', 12), ('m', 11), ('ix', 6)]"
w,"[('w', 37), ('l', 22), ('ao', 11), ('el', 7), ('ow', 4)]"
l,"[('l', 14), ('ax', 13), ('ix', 12), ('m', 11), ('v', 9)]"
eh,"[('ae', 30), ('eh', 27), ('ah', 18), ('aw', 6), ('ix', 4)]"
dcl,"[('dcl', 66), ('bcl', 18), ('gcl', 8), ('tcl', 7), ('dx', 1)]"
kcl,"[('kcl', 80), ('tcl', 14), ('pcl', 4), ('z', 1), ('gcl', 1)]"
dh,"[('d', 45), ('t', 17), ('p', 9), ('dx', 8), ('ix', 4)]"
g,"[('k', 40), ('g', 22), ('p', 13), ('b', 8), ('v', 5)]"
q,"[('f', 30), ('kcl', 23), ('p', 12), ('k', 10), ('b', 4)]"
dh,"[('dh', 20), ('ix', 17), ('v', 15), ('z', 9), ('gcl', 6)]"
tcl,"[('tcl', 30), ('kcl', 16), ('z', 15), ('dcl', 10), ('gcl', 9)]"
dh,"[('dh', 28), ('v', 16), ('dcl', 12), ('tcl', 9), ('n', 8)]"
sh,"[('sh', 59), ('jh', 12), ('ch', 9), ('tcl', 8), ('t', 6)]"
q,"[('l', 26), ('k', 21), ('ao', 12), ('aa', 7), ('hh', 6)]"
ux,"[('n', 19), ('ix', 12), ('dx', 10), ('m', 8), ('dh', 6)]"
tcl,"[('s', 49), ('tcl', 18), ('z', 12), ('sh', 7), ('dcl', 5)]"
eh,"[('ae', 28), ('eh', 18), ('ix', 11), ('aa', 6), ('ah', 5)]"
t,"[('t', 49), ('s', 16), ('d', 9), ('sh', 6), ('z', 5)]"
k,"[('k', 64), ('g', 25), ('kcl', 5), ('p', 2), ('dx', 1)]"
m,"[('n', 51), ('m', 19), ('dx', 7), ('nx', 5), ('dcl', 5)]"
s,"[('s', 68), ('z', 23), ('tcl', 6), ('t', 1), ('ch', 1)]"
em,"[('m', 32), ('n', 31), ('dcl', 6), ('bcl', 5), ('en', 4)]"
w,"[('w', 28), ('ao', 11), ('l', 9), ('ax', 8), ('r', 6)]"
ah,"[('aa', 17), ('ow', 15), ('ax', 15), ('l', 15), ('ah', 14)]"
pcl,"[('pcl', 55), ('tcl', 29), ('kcl', 10), ('dcl', 3), ('gcl', 1)]"
ax,"[('ax', 26), ('ix', 16), ('ih', 13), ('dx', 10), ('l', 5)]"
ix,"[('ay', 16), ('ix', 15), ('eh', 13), ('ae', 13), ('ah', 10)]"
nx,"[('v', 13), ('m', 13), ('n', 11), ('dcl', 11), ('dh', 9)]"
tcl,"[('w', 79), ('l', 4), ('v', 4), ('b', 3), ('bcl', 2)]"
tcl,"[('pcl', 28), ('tcl', 26), ('dcl', 15), ('kcl', 7), ('v', 7)]"
k,"[('p', 42), ('b', 28), ('f', 10), ('dh', 7), ('v', 3)]"
iy,"[('iy', 44), ('ih', 14), ('ux', 13), ('ey', 11), ('ix', 10)]"
pcl,"[('pcl', 24), ('f', 21), ('tcl', 20), ('kcl', 18), ('bcl', 9)]"
dh,"[('f', 45), ('dh', 14), ('th', 8), ('p', 6), ('tcl', 5)]"
ax,"[('ax', 23), ('ah', 19), ('ix', 13), ('l', 9), ('ih', 7)]"
k,"[('k', 34), ('kcl', 15), ('dh', 13), ('p', 9), ('t', 7)]"
m,"[('dcl', 14), ('p', 14), ('b', 9), ('dh', 9), ('bcl', 8)]"
dx,"[('d', 20), ('jh', 20), ('dcl', 17), ('z', 10), ('zh', 8)]"
q,"[('ao', 23), ('aa', 19), ('l', 15), ('p', 11), ('q', 11)]"
kcl,"[('kcl', 38), ('pcl', 32), ('tcl', 22), ('f', 3), ('dcl', 2)]"
s,"[('s', 74), ('z', 22), ('tcl', 2), ('p', 1), ('t', 1)]"
t,"[('d', 37), ('t', 21), ('p', 9), ('s', 8), ('tcl', 8)]"
dcl,"[('pcl', 69), ('tcl', 15), ('kcl', 6), ('th', 3), ('dcl', 2)]"
eh,"[('ay', 39), ('ah', 13), ('eh', 8), ('oy', 7), ('l', 6)]"
ow,"[('ax', 22), ('ow', 16), ('ah', 11), ('eh', 9), ('v', 7)]"
ax-h,"[('iy', 16), ('ix', 14), ('dx', 11), ('g', 10), ('t', 7)]"
ae,"[('ae', 50), ('eh', 14), ('ay', 13), ('ow', 3), ('ah', 3)]"
g,"[('iy', 30), ('ix', 12), ('dx', 8), ('g', 8), ('y', 7)]"
g,"[('r', 25), ('g', 12), ('v', 11), ('axr', 11), ('dx', 8)]"
ao,"[('ao', 45), ('w', 19), ('ax', 7), ('aa', 7), ('l', 5)]"
er,"[('r', 35), ('axr', 14), ('aa', 13), ('dx', 9), ('ax', 7)]"
t,"[('t', 40), ('d', 17), ('s', 15), ('z', 7), ('jh', 5)]"
ix,"[('ix', 26), ('n', 17), ('m', 15), ('ax', 10), ('ih', 5)]"
ay,"[('aa', 26), ('ay', 21), ('ah', 16), ('aw', 9), ('ae', 6)]"
ao,"[('aa', 25), ('ae', 19), ('ao', 16), ('aw', 7), ('ah', 7)]"
s,"[('s', 41), ('sh', 20), ('f', 11), ('t', 10), ('z', 3)]"
ix,"[('ix', 28), ('ih', 28), ('eh', 7), ('ax', 6), ('d', 4)]"
ix,"[('ix', 27), ('ae', 22), ('eh', 16), ('ih', 16), ('ax', 4)]"
y,"[('iy', 52), ('y', 23), ('ix', 8), ('ux', 7), ('ih', 3)]"
bcl,"[('bcl', 54), ('dcl', 25), ('gcl', 10), ('tcl', 8), ('pcl', 2)]"
iy,"[('iy', 56), ('y', 13), ('ih', 11), ('ix', 10), ('ux', 9)]"
ao,"[('l', 33), ('ao', 29), ('w', 11), ('el', 10), ('aa', 7)]"
eh,"[('ao', 20), ('l', 16), ('aa', 12), ('ax', 10), ('ah', 9)]"
ix,"[('hv', 35), ('n', 15), ('eh', 6), ('ix', 6), ('q', 4)]"
axr,"[('r', 32), ('axr', 22), ('er', 18), ('dx', 12), ('eh', 4)]"
r,"[('r', 40), ('er', 10), ('aa', 9), ('ay', 8), ('axr', 7)]"
iy,"[('iy', 19), ('hv', 11), ('hh', 9), ('z', 9), ('dcl', 7)]"
ey,"[('iy', 20), ('ey', 18), ('l', 12), ('ix', 11), ('ih', 9)]"
tcl,"[('pcl', 42), ('tcl', 27), ('kcl', 19), ('dcl', 5), ('bcl', 3)]"
l,"[('v', 25), ('l', 15), ('w', 14), ('b', 13), ('n', 5)]"
er,"[('r', 22), ('ix', 17), ('eh', 14), ('ae', 9), ('ih', 8)]"
k,"[('k', 48), ('g', 16), ('p', 10), ('kcl', 10), ('hh', 5)]"
dcl,"[('tcl', 32), ('dcl', 20), ('pcl', 13), ('gcl', 10), ('v', 10)]"
dcl,"[('dcl', 76), ('tcl', 9), ('bcl', 8), ('gcl', 6), ('kcl', 1)]"
ax,"[('ax', 22), ('ix', 15), ('ow', 11), ('ah', 10), ('l', 5)]"
axr,"[('axr', 34), ('r', 27), ('dx', 12), ('er', 10), ('v', 3)]"
ay,"[('ay', 26), ('eh', 19), ('ae', 16), ('ah', 7), ('ey', 6)]"
w,"[('w', 92), ('bcl', 3), ('ng', 1), ('axr', 1), ('m', 1)]"
p,"[('b', 35), ('p', 15), ('v', 8), ('dh', 7), ('d', 6)]"
ix,"[('r', 21), ('axr', 17), ('ae', 12), ('eh', 10), ('er', 7)]"
m,"[('v', 35), ('dh', 14), ('dx', 11), ('b', 10), ('m', 6)]"
eh,"[('eh', 23), ('ae', 22), ('ix', 15), ('ih', 15), ('ey', 8)]"
k,"[('p', 45), ('hh', 10), ('t', 9), ('b', 8), ('f', 8)]"
iy,"[('iy', 63), ('y', 17), ('ix', 8), ('ux', 7), ('ih', 3)]"
s,"[('s', 78), ('z', 15), ('tcl', 3), ('ch', 2), ('d', 1)]"
k,"[('s', 46), ('k', 23), ('z', 7), ('kcl', 6), ('t', 5)]"
ow,"[('ix', 37), ('axr', 7), ('ih', 6), ('l', 6), ('ae', 5)]"
tcl,"[('dcl', 33), ('tcl', 24), ('bcl', 21), ('pcl', 15), ('gcl', 3)]"
s,"[('s', 78), ('z', 13), ('t', 5), ('tcl', 1), ('th', 1)]"
kcl,"[('pcl', 41), ('tcl', 27), ('kcl', 10), ('bcl', 9), ('dcl', 6)]"
kcl,"[('kcl', 51), ('k', 15), ('tcl', 7), ('dcl', 5), ('g', 4)]"
ae,"[('ae', 52), ('eh', 23), ('r', 9), ('ix', 4), ('axr', 4)]"
l,"[('r', 20), ('dx', 9), ('ae', 9), ('eh', 8), ('ix', 8)]"
axr,"[('eh', 20), ('ix', 15), ('er', 13), ('ih', 11), ('axr', 10)]"
ax,"[('l', 28), ('ax', 14), ('ow', 12), ('ah', 9), ('w', 6)]"
axr,"[('ih', 22), ('axr', 16), ('er', 14), ('r', 14), ('eh', 13)]"
q,"[('ey', 21), ('ix', 16), ('eh', 12), ('ih', 11), ('q', 7)]"
t,"[('t', 61), ('f', 19), ('k', 6), ('d', 6), ('hh', 2)]"
ow,"[('l', 32), ('ax', 16), ('ao', 13), ('ow', 10), ('ah', 10)]"
ey,"[('ih', 21), ('ix', 18), ('eh', 17), ('ey', 13), ('ae', 8)]"
m,"[('m', 49), ('n', 25), ('ng', 11), ('nx', 4), ('r', 2)]"
k,"[('k', 32), ('t', 25), ('d', 15), ('s', 15), ('z', 3)]"
aa,"[('aa', 40), ('ao', 27), ('r', 21), ('ah', 3), ('q', 2)]"
ch,"[('sh', 30), ('jh', 22), ('ch', 19), ('t', 10), ('s', 6)]"
bcl,"[('bcl', 85), ('dcl', 11), ('pcl', 2), ('v', 1), ('dx', 1)]"
axr,"[('r', 47), ('axr', 26), ('er', 21), ('q', 1), ('v', 1)]"
ae,"[('eh', 20), ('ae', 15), ('ix', 14), ('ah', 13), ('ax', 11)]"
iy,"[('iy', 71), ('ix', 10), ('ux', 4), ('ih', 4), ('y', 4)]"
r,"[('r', 40), ('aa', 26), ('axr', 8), ('ay', 5), ('er', 4)]"
sh,"[('sh', 61), ('s', 15), ('jh', 10), ('ch', 6), ('z', 4)]"
ch,"[('s', 54), ('z', 19), ('sh', 13), ('ch', 8), ('jh', 4)]"
ih,"[('ih', 27), ('ix', 20), ('ax', 16), ('eh', 5), ('dx', 5)]"
d,"[('iy', 28), ('y', 18), ('dx', 12), ('d', 11), ('jh', 6)]"
aa,"[('r', 31), ('aa', 29), ('ao', 14), ('ay', 7), ('q', 3)]"
aw,"[('ae', 73), ('aa', 8), ('eh', 7), ('ay', 4), ('ix', 2)]"
ix,"[('ix', 23), ('r', 15), ('ih', 13), ('iy', 6), ('axr', 6)]"
t,"[('t', 30), ('sh', 19), ('s', 13), ('d', 9), ('jh', 9)]"
nx,"[('ax', 21), ('aa', 11), ('l', 10), ('ah', 7), ('n', 6)]"
tcl,"[('dcl', 28), ('bcl', 22), ('gcl', 19), ('tcl', 12), ('n', 8)]"
ix,"[('dx', 25), ('ix', 25), ('d', 11), ('ih', 9), ('b', 7)]"
ix,"[('ix', 14), ('b', 11), ('d', 9), ('n', 8), ('eh', 8)]"
r,"[('r', 20), ('ix', 19), ('ih', 10), ('n', 7), ('m', 7)]"
r,"[('dx', 36), ('r', 23), ('ix', 13), ('axr', 5), ('ih', 3)]"
ix,"[('eh', 20), ('ih', 17), ('ix', 16), ('ae', 15), ('ax', 5)]"
er,"[('axr', 36), ('er', 25), ('r', 24), ('v', 7), ('dx', 4)]"
ih,"[('ae', 43), ('ix', 17), ('eh', 12), ('ih', 7), ('ey', 5)]"
ey,"[('ey', 30), ('ix', 16), ('iy', 15), ('ih', 14), ('eh', 6)]"
dx,"[('ix', 39), ('dx', 14), ('ih', 9), ('ux', 6), ('v', 5)]"
eh,"[('eh', 27), ('r', 18), ('ae', 17), ('axr', 14), ('er', 9)]"
t,"[('t', 46), ('sh', 11), ('k', 9), ('f', 9), ('d', 7)]"
eh,"[('eh', 24), ('ae', 22), ('ix', 18), ('ih', 14), ('ah', 4)]"
ix,"[('ae', 37), ('eh', 20), ('ix', 19), ('ih', 7), ('ey', 6)]"
l,"[('l', 52), ('ax', 7), ('b', 7), ('el', 7), ('w', 5)]"
tcl,"[('pcl', 39), ('kcl', 25), ('tcl', 22), ('gcl', 5), ('dcl', 4)]"
iy,"[('iy', 60), ('ih', 12), ('y', 10), ('q', 4), ('ix', 4)]"
dcl,"[('dcl', 47), ('d', 9), ('y', 9), ('dx', 7), ('jh', 7)]"
ih,"[('ih', 36), ('ix', 21), ('iy', 16), ('ey', 10), ('eh', 5)]"
tcl,"[('pcl', 40), ('kcl', 33), ('tcl', 21), ('f', 3), ('bcl', 2)]"
dh,"[('t', 27), ('dh', 26), ('d', 16), ('k', 7), ('kcl', 4)]"
ix,"[('ix', 38), ('ih', 17), ('dh', 8), ('eh', 5), ('ax', 4)]"
ae,"[('hv', 21), ('ae', 15), ('ih', 12), ('ix', 11), ('q', 8)]"
ix,"[('ih', 27), ('ix', 22), ('ux', 10), ('r', 7), ('axr', 7)]"
r,"[('r', 59), ('er', 19), ('axr', 18), ('aa', 2), ('dx', 1)]"
ey,"[('ae', 21), ('eh', 21), ('ix', 15), ('ey', 12), ('ih', 5)]"
sh,"[('sh', 62), ('ch', 14), ('jh', 11), ('tcl', 5), ('zh', 4)]"
eh,"[('axr', 34), ('r', 27), ('er', 19), ('dx', 7), ('eh', 7)]"
b,"[('b', 32), ('v', 12), ('dh', 11), ('n', 8), ('dx', 7)]"
pcl,"[('p', 41), ('d', 12), ('k', 9), ('b', 8), ('t', 6)]"
r,"[('r', 42), ('axr', 33), ('er', 12), ('ix', 6), ('eh', 2)]"
n,"[('ix', 26), ('ih', 12), ('dx', 12), ('ux', 11), ('r', 6)]"
iy,"[('iy', 60), ('y', 13), ('ih', 11), ('ux', 7), ('ix', 4)]"
r,"[('aa', 38), ('r', 30), ('ay', 8), ('ae', 7), ('q', 3)]"
z,"[('jh', 29), ('d', 23), ('zh', 6), ('z', 6), ('t', 5)]"
bcl,"[('pcl', 39), ('tcl', 29), ('kcl', 24), ('bcl', 4), ('gcl', 3)]"
k,"[('kcl', 14), ('dh', 13), ('b', 11), ('tcl', 8), ('pcl', 6)]"
ix,"[('ix', 30), ('ih', 18), ('dx', 9), ('ax', 8), ('eh', 5)]"
q,"[('aa', 33), ('ay', 18), ('k', 13), ('ao', 10), ('r', 8)]"
ih,"[('ih', 28), ('ix', 23), ('eh', 20), ('ux', 6), ('axr', 4)]"
w,"[('w', 32), ('b', 20), ('l', 12), ('v', 9), ('ax', 7)]"
ix,"[('iy', 29), ('ix', 24), ('ey', 17), ('ih', 14), ('dx', 4)]"
r,"[('r', 46), ('axr', 28), ('er', 10), ('ih', 6), ('ix', 3)]"
el,"[('ax', 27), ('l', 12), ('ah', 11), ('ow', 9), ('ix', 6)]"
m,"[('v', 21), ('bcl', 12), ('m', 11), ('dh', 11), ('dcl', 11)]"
tcl,"[('pcl', 35), ('tcl', 33), ('kcl', 18), ('dcl', 5), ('bcl', 4)]"
f,"[('f', 75), ('b', 7), ('p', 5), ('v', 4), ('th', 3)]"
ix,"[('iy', 36), ('ix', 20), ('ih', 15), ('ey', 7), ('ux', 4)]"
er,"[('axr', 50), ('r', 21), ('er', 16), ('dx', 9), ('q', 2)]"
dh,"[('v', 30), ('dh', 22), ('tcl', 14), ('pcl', 8), ('dcl', 7)]"
l,"[('l', 53), ('ax', 11), ('q', 5), ('el', 4), ('r', 4)]"
ix,"[('iy', 51), ('ih', 17), ('ix', 14), ('y', 10), ('ux', 2)]"
r,"[('r', 46), ('er', 26), ('axr', 24), ('dx', 2), ('ah', 1)]"
d,"[('ix', 22), ('dx', 17), ('b', 14), ('ih', 12), ('v', 11)]"
eh,"[('eh', 24), ('ih', 22), ('ix', 13), ('ey', 13), ('ae', 10)]"
tcl,"[('kcl', 34), ('tcl', 26), ('dcl', 12), ('pcl', 11), ('gcl', 6)]"
en,"[('dh', 24), ('z', 24), ('n', 9), ('ix', 8), ('d', 7)]"
eh,"[('eh', 22), ('ix', 18), ('b', 9), ('ih', 9), ('ax', 8)]"
ao,"[('w', 47), ('ao', 23), ('l', 8), ('el', 7), ('r', 5)]"
n,"[('n', 52), ('m', 17), ('ng', 14), ('en', 6), ('gcl', 4)]"
l,"[('l', 31), ('v', 17), ('b', 12), ('n', 8), ('bcl', 7)]"
tcl,"[('f', 66), ('t', 9), ('d', 6), ('p', 4), ('v', 4)]"
n,"[('n', 33), ('m', 23), ('gcl', 10), ('ng', 9), ('dcl', 5)]"
dh,"[('dh', 12), ('gcl', 11), ('n', 10), ('ix', 9), ('v', 8)]"
r,"[('r', 50), ('er', 16), ('axr', 11), ('ae', 8), ('ay', 7)]"
dcl,"[('dcl', 71), ('tcl', 10), ('dx', 7), ('bcl', 5), ('gcl', 4)]"
k,"[('k', 47), ('p', 9), ('g', 6), ('b', 5), ('hh', 4)]"
ay,"[('ay', 75), ('ae', 8), ('ix', 5), ('oy', 2), ('r', 2)]"
th,"[('f', 65), ('s', 16), ('th', 4), ('t', 4), ('v', 3)]"
d,"[('dx', 19), ('ix', 17), ('ux', 10), ('ih', 8), ('iy', 5)]"
w,"[('ix', 35), ('ax', 13), ('ih', 6), ('m', 6), ('l', 6)]"
en,"[('n', 54), ('ng', 10), ('en', 9), ('m', 8), ('ux', 5)]"
pcl,"[('dcl', 34), ('tcl', 27), ('pcl', 22), ('bcl', 8), ('gcl', 7)]"
t,"[('f', 55), ('t', 20), ('p', 12), ('b', 4), ('k', 2)]"
bcl,"[('bcl', 77), ('dcl', 17), ('gcl', 3), ('tcl', 1), ('m', 1)]"
dx,"[('iy', 37), ('y', 15), ('ix', 13), ('ux', 12), ('n', 4)]"
bcl,"[('pcl', 56), ('tcl', 25), ('kcl', 15), ('dcl', 2), ('gcl', 1)]"
nx,"[('ix', 34), ('eh', 16), ('ih', 13), ('ae', 8), ('dx', 8)]"
r,"[('r', 44), ('axr', 10), ('dx', 8), ('ih', 6), ('iy', 5)]"
axr,"[('axr', 24), ('eh', 16), ('ih', 16), ('ix', 10), ('iy', 7)]"
bcl,"[('bcl', 74), ('dcl', 15), ('n', 4), ('tcl', 2), ('m', 1)]"
s,"[('sh', 44), ('s', 17), ('tcl', 10), ('z', 6), ('jh', 5)]"
kcl,"[('f', 24), ('k', 13), ('kcl', 12), ('tcl', 12), ('t', 6)]"
n,"[('n', 25), ('ix', 24), ('ih', 8), ('dx', 7), ('b', 6)]"
v,"[('v', 56), ('dh', 8), ('pcl', 6), ('b', 6), ('bcl', 5)]"
q,"[('ix', 26), ('dx', 14), ('ih', 13), ('eh', 9), ('r', 5)]"
iy,"[('iy', 56), ('ix', 17), ('ey', 10), ('ih', 6), ('w', 3)]"
r,"[('r', 47), ('axr', 21), ('ix', 7), ('dx', 6), ('ih', 6)]"
k,"[('k', 64), ('p', 9), ('g', 7), ('dh', 6), ('t', 3)]"
t,"[('t', 29), ('f', 29), ('s', 13), ('th', 9), ('d', 7)]"
f,"[('f', 68), ('tcl', 11), ('kcl', 7), ('pcl', 4), ('th', 3)]"
gcl,"[('kcl', 35), ('pcl', 28), ('tcl', 25), ('f', 4), ('dcl', 2)]"
tcl,"[('pcl', 56), ('tcl', 27), ('kcl', 9), ('dcl', 4), ('bcl', 3)]"
d,"[('ix', 17), ('dx', 13), ('d', 12), ('ih', 10), ('b', 10)]"
dx,"[('v', 17), ('b', 17), ('dx', 12), ('dh', 11), ('ix', 10)]"
b,"[('b', 40), ('l', 11), ('p', 9), ('v', 6), ('w', 5)]"
axr,"[('axr', 41), ('r', 27), ('er', 12), ('g', 3), ('ao', 3)]"
iy,"[('iy', 53), ('y', 34), ('ix', 5), ('dx', 2), ('ih', 1)]"
m,"[('n', 55), ('dcl', 15), ('m', 9), ('gcl', 5), ('en', 4)]"
s,"[('s', 74), ('z', 22), ('sh', 2), ('th', 1), ('zh', 1)]"
g,"[('s', 55), ('z', 31), ('p', 4), ('ch', 3), ('t', 2)]"
tcl,"[('kcl', 49), ('tcl', 26), ('f', 7), ('dcl', 6), ('sh', 4)]"
aa,"[('aa', 47), ('r', 26), ('ao', 8), ('axr', 6), ('er', 3)]"
gcl,"[('n', 25), ('gcl', 20), ('m', 17), ('dcl', 11), ('bcl', 8)]"
ey,"[('ae', 29), ('p', 14), ('ey', 11), ('k', 6), ('eh', 6)]"
n,"[('b', 14), ('v', 12), ('n', 11), ('dh', 10), ('m', 8)]"
iy,"[('ix', 27), ('iy', 26), ('ih', 15), ('ey', 9), ('q', 4)]"
uh,"[('ix', 18), ('ax', 12), ('ih', 11), ('ah', 9), ('uh', 7)]"
l,"[('l', 44), ('w', 27), ('el', 9), ('ao', 5), ('ow', 4)]"
kcl,"[('kcl', 42), ('tcl', 24), ('pcl', 14), ('f', 8), ('bcl', 4)]"
kcl,"[('pcl', 55), ('tcl', 23), ('kcl', 15), ('dcl', 3), ('bcl', 2)]"
z,"[('s', 74), ('z', 13), ('tcl', 4), ('sh', 2), ('ch', 2)]"
n,"[('ix', 28), ('n', 12), ('m', 10), ('ih', 9), ('ax', 6)]"
iy,"[('iy', 59), ('hv', 14), ('ix', 9), ('y', 6), ('n', 2)]"
m,"[('m', 61), ('n', 9), ('w', 8), ('ng', 4), ('bcl', 4)]"
iy,"[('iy', 60), ('ih', 14), ('ix', 9), ('y', 8), ('ux', 6)]"
l,"[('w', 42), ('l', 12), ('oy', 10), ('el', 7), ('ow', 5)]"
iy,"[('ux', 28), ('ih', 20), ('ix', 20), ('iy', 9), ('ey', 5)]"
ae,"[('ae', 43), ('ay', 15), ('aw', 12), ('ah', 10), ('aa', 9)]"
b,"[('b', 39), ('p', 17), ('dh', 11), ('v', 9), ('dx', 4)]"
dcl,"[('tcl', 28), ('kcl', 20), ('pcl', 18), ('gcl', 12), ('dcl', 12)]"
w,"[('w', 86), ('l', 4), ('ao', 4), ('bcl', 2), ('ax', 1)]"
p,"[('b', 48), ('p', 25), ('dh', 9), ('v', 5), ('d', 4)]"
hh,"[('k', 22), ('d', 16), ('t', 15), ('dh', 10), ('p', 9)]"
r,"[('ix', 26), ('ux', 18), ('ih', 14), ('y', 11), ('r', 8)]"
dcl,"[('dcl', 16), ('tcl', 16), ('bcl', 15), ('pcl', 13), ('gcl', 11)]"
g,"[('k', 37), ('p', 21), ('b', 8), ('g', 5), ('hh', 5)]"
r,"[('r', 24), ('v', 17), ('m', 16), ('n', 9), ('b', 8)]"
tcl,"[('pcl', 18), ('tcl', 17), ('f', 16), ('kcl', 11), ('v', 9)]"
bcl,"[('bcl', 47), ('dcl', 33), ('gcl', 7), ('n', 3), ('tcl', 3)]"
t,"[('p', 32), ('f', 29), ('t', 25), ('d', 6), ('b', 2)]"
l,"[('l', 45), ('ax', 15), ('w', 9), ('ow', 8), ('b', 5)]"
tcl,"[('tcl', 28), ('kcl', 21), ('dcl', 20), ('pcl', 20), ('gcl', 6)]"
ey,"[('ae', 30), ('ey', 17), ('eh', 17), ('ix', 12), ('ih', 7)]"
sh,"[('sh', 50), ('jh', 17), ('ch', 14), ('s', 10), ('tcl', 5)]"
dx,"[('n', 28), ('ix', 15), ('dx', 12), ('en', 6), ('dcl', 6)]"
l,"[('l', 50), ('ax', 12), ('el', 9), ('w', 8), ('ow', 6)]"
l,"[('l', 51), ('el', 15), ('ax', 8), ('w', 7), ('b', 4)]"
ow,"[('l', 29), ('ax', 19), ('ah', 10), ('ow', 10), ('eh', 8)]"
kcl,"[('pcl', 34), ('kcl', 25), ('tcl', 25), ('f', 6), ('bcl', 5)]"
ix,"[('ix', 29), ('ih', 21), ('iy', 11), ('ux', 10), ('ey', 7)]"
z,"[('z', 47), ('s', 46), ('t', 4), ('sh', 2), ('jh', 1)]"
eh,"[('ix', 21), ('ih', 20), ('axr', 12), ('dx', 11), ('r', 9)]"
ix,"[('ix', 29), ('ih', 23), ('eh', 8), ('ey', 6), ('iy', 5)]"
ux,"[('ix', 24), ('dx', 15), ('iy', 10), ('ih', 8), ('r', 8)]"
v,"[('ix', 30), ('dx', 18), ('v', 10), ('ih', 9), ('iy', 6)]"
tcl,"[('tcl', 48), ('pcl', 15), ('dcl', 12), ('kcl', 11), ('s', 4)]"
q,"[('q', 20), ('ix', 13), ('ih', 11), ('dx', 10), ('iy', 9)]"
eh,"[('ah', 16), ('ax', 15), ('l', 13), ('r', 10), ('aa', 10)]"
n,"[('n', 68), ('ng', 6), ('nx', 4), ('dx', 4), ('en', 4)]"
k,"[('k', 60), ('g', 12), ('p', 11), ('b', 4), ('hh', 3)]"
n,"[('n', 46), ('m', 26), ('nx', 10), ('ng', 9), ('l', 2)]"
t,"[('t', 39), ('s', 22), ('th', 6), ('z', 5), ('tcl', 5)]"
g,"[('p', 24), ('dh', 15), ('k', 14), ('b', 14), ('f', 6)]"
ay,"[('ay', 53), ('ae', 21), ('ah', 7), ('aa', 6), ('aw', 3)]"
tcl,"[('tcl', 43), ('pcl', 17), ('kcl', 14), ('bcl', 8), ('dh', 4)]"
ng,"[('gcl', 22), ('m', 13), ('ix', 12), ('ng', 12), ('n', 8)]"
dh,"[('l', 22), ('ax', 16), ('dh', 11), ('m', 11), ('ix', 10)]"
ae,"[('ae', 37), ('b', 8), ('dh', 8), ('m', 7), ('ax', 4)]"
ah,"[('ao', 29), ('l', 22), ('aa', 20), ('ow', 7), ('ah', 7)]"
d,"[('t', 48), ('d', 28), ('p', 6), ('b', 5), ('hh', 4)]"
k,"[('k', 58), ('g', 12), ('kcl', 5), ('s', 5), ('t', 4)]"
ax,"[('ix', 27), ('dx', 16), ('ih', 9), ('b', 8), ('axr', 8)]"
t,"[('t', 24), ('p', 19), ('k', 19), ('dh', 8), ('b', 7)]"
d,"[('tcl', 26), ('pcl', 14), ('v', 14), ('dcl', 9), ('dh', 9)]"
tcl,"[('pcl', 59), ('tcl', 26), ('kcl', 10), ('bcl', 4), ('dcl', 1)]"
t,"[('t', 37), ('d', 16), ('dh', 11), ('p', 10), ('f', 9)]"
ay,"[('ae', 19), ('r', 19), ('aa', 16), ('ay', 10), ('axr', 9)]"
kcl,"[('tcl', 14), ('dh', 14), ('p', 13), ('pcl', 11), ('f', 10)]"
s,"[('s', 87), ('z', 7), ('tcl', 3), ('sh', 2), ('ch', 1)]"
er,"[('r', 34), ('axr', 27), ('er', 20), ('dx', 10), ('aa', 2)]"
r,"[('r', 32), ('axr', 25), ('er', 19), ('ix', 8), ('eh', 4)]"
r,"[('aa', 38), ('r', 18), ('ao', 14), ('aw', 7), ('l', 5)]"
dcl,"[('tcl', 29), ('pcl', 25), ('kcl', 21), ('dcl', 17), ('gcl', 5)]"
w,"[('w', 71), ('v', 8), ('bcl', 7), ('n', 3), ('b', 3)]"
t,"[('s', 73), ('z', 8), ('tcl', 5), ('t', 5), ('f', 5)]"
en,"[('n', 50), ('m', 26), ('dcl', 6), ('nx', 6), ('ng', 3)]"
n,"[('n', 48), ('nx', 7), ('en', 7), ('dcl', 6), ('m', 6)]"
ih,"[('ey', 22), ('ix', 19), ('ih', 18), ('eh', 14), ('ae', 9)]"
hh,"[('p', 27), ('hh', 25), ('f', 12), ('t', 11), ('d', 7)]"
q,"[('l', 35), ('w', 16), ('ow', 15), ('ao', 15), ('el', 5)]"
s,"[('s', 62), ('z', 38)]"
s,"[('f', 55), ('s', 17), ('th', 13), ('dh', 8), ('z', 2)]"
ao,"[('ao', 44), ('l', 23), ('aa', 7), ('q', 6), ('ow', 5)]"
l,"[('ix', 16), ('ax', 15), ('l', 15), ('ih', 12), ('dx', 7)]"
dcl,"[('bcl', 53), ('dcl', 16), ('n', 7), ('m', 6), ('gcl', 4)]"
ng,"[('n', 21), ('iy', 21), ('m', 17), ('y', 10), ('ng', 5)]"
q,"[('aa', 42), ('ao', 22), ('ah', 9), ('l', 5), ('aw', 4)]"
ah,"[('l', 29), ('w', 14), ('ao', 12), ('ax', 7), ('ah', 6)]"
ah,"[('ae', 23), ('aa', 17), ('aw', 14), ('r', 7), ('ah', 7)]"
ih,"[('iy', 27), ('ih', 23), ('ix', 16), ('y', 14), ('hv', 7)]"
iy,"[('iy', 46), ('ux', 18), ('ix', 10), ('axr', 5), ('y', 5)]"
iy,"[('iy', 42), ('ih', 14), ('ey', 14), ('ix', 9), ('dx', 5)]"
aa,"[('r', 21), ('aa', 19), ('ax', 9), ('ae', 8), ('er', 7)]"
ih,"[('ih', 30), ('ix', 23), ('iy', 21), ('ey', 6), ('eh', 4)]"
tcl,"[('tcl', 58), ('f', 12), ('pcl', 6), ('kcl', 6), ('s', 5)]"
ng,"[('iy', 36), ('ix', 13), ('ng', 9), ('y', 8), ('n', 6)]"
f,"[('f', 91), ('th', 2), ('gcl', 2), ('v', 1), ('ax-h', 1)]"
l,"[('l', 22), ('ao', 18), ('aa', 14), ('ah', 8), ('ow', 6)]"
m,"[('m', 14), ('r', 12), ('ax', 8), ('axr', 8), ('ah', 7)]"
er,"[('axr', 33), ('r', 30), ('er', 22), ('eh', 4), ('dx', 4)]"
hh,"[('k', 59), ('hh', 17), ('g', 5), ('sh', 5), ('d', 4)]"
kcl,"[('m', 23), ('dcl', 12), ('n', 9), ('gcl', 8), ('kcl', 7)]"
ih,"[('iy', 61), ('y', 17), ('ix', 6), ('ih', 4), ('ux', 3)]"
r,"[('iy', 38), ('ey', 25), ('ih', 16), ('ix', 10), ('r', 3)]"
tcl,"[('v', 22), ('b', 13), ('n', 9), ('tcl', 7), ('dcl', 7)]"
ix,"[('ey', 20), ('ih', 19), ('eh', 18), ('iy', 15), ('ix', 9)]"
s,"[('s', 52), ('sh', 19), ('z', 12), ('tcl', 5), ('ch', 5)]"
hh,"[('p', 37), ('f', 15), ('b', 8), ('dh', 6), ('kcl', 6)]"
f,"[('f', 72), ('p', 9), ('th', 4), ('kcl', 4), ('t', 3)]"
aa,"[('ao', 36), ('aa', 35), ('l', 7), ('ah', 6), ('aw', 4)]"
p,"[('dx', 29), ('r', 16), ('axr', 10), ('ix', 8), ('eh', 8)]"
s,"[('s', 50), ('z', 18), ('tcl', 11), ('f', 5), ('th', 5)]"
th,"[('f', 45), ('pcl', 16), ('tcl', 15), ('th', 6), ('dh', 5)]"
m,"[('n', 22), ('m', 13), ('v', 8), ('dcl', 8), ('hv', 7)]"
f,"[('f', 90), ('th', 6), ('v', 2), ('tcl', 1), ('s', 1)]"
tcl,"[('dcl', 39), ('tcl', 32), ('pcl', 11), ('dh', 3), ('v', 3)]"
em,"[('ax', 16), ('ix', 10), ('n', 10), ('v', 9), ('b', 8)]"
ao,"[('w', 37), ('ao', 22), ('l', 12), ('el', 5), ('ng', 4)]"
r,"[('r', 43), ('axr', 16), ('dx', 9), ('aa', 6), ('ax', 4)]"
w,"[('w', 83), ('l', 4), ('ax', 4), ('bcl', 2), ('uw', 1)]"
ay,"[('ay', 44), ('ah', 12), ('l', 8), ('eh', 6), ('ae', 5)]"
l,"[('l', 45), ('aa', 11), ('ow', 10), ('ah', 9), ('ax', 7)]"
jh,"[('jh', 57), ('t', 11), ('d', 10), ('sh', 6), ('ch', 6)]"
dx,"[('ix', 18), ('dx', 17), ('n', 10), ('v', 7), ('dcl', 7)]"
w,"[('w', 49), ('l', 17), ('el', 8), ('ng', 5), ('ax', 4)]"
tcl,"[('f', 24), ('sh', 22), ('tcl', 15), ('v', 9), ('th', 5)]"
r,"[('r', 44), ('axr', 14), ('ao', 10), ('w', 6), ('ax', 5)]"
d,"[('f', 30), ('dh', 16), ('t', 11), ('d', 8), ('v', 7)]"
l,"[('l', 18), ('m', 16), ('b', 13), ('bcl', 8), ('n', 8)]"
kcl,"[('kcl', 26), ('pcl', 26), ('tcl', 20), ('th', 9), ('f', 7)]"
ax,"[('ix', 23), ('ax', 13), ('m', 6), ('dx', 6), ('ux', 5)]"
d,"[('d', 24), ('t', 23), ('dh', 12), ('g', 7), ('z', 7)]"
tcl,"[('kcl', 49), ('tcl', 22), ('pcl', 9), ('dcl', 6), ('gcl', 5)]"
n,"[('n', 22), ('dx', 18), ('ix', 13), ('m', 6), ('ih', 6)]"
v,"[('f', 58), ('th', 16), ('pcl', 10), ('tcl', 5), ('kcl', 4)]"
aa,"[('aa', 37), ('ao', 22), ('ay', 13), ('l', 6), ('aw', 6)]"
q,"[('ix', 25), ('r', 18), ('ih', 15), ('dx', 11), ('ey', 10)]"
q,"[('ay', 36), ('ah', 15), ('oy', 11), ('ae', 11), ('eh', 6)]"
dx,"[('dx', 29), ('r', 24), ('axr', 23), ('er', 20), ('v', 1)]"
ix,"[('ix', 23), ('eh', 17), ('ey', 15), ('ih', 10), ('iy', 6)]"
axr,"[('ix', 19), ('r', 16), ('axr', 15), ('ih', 12), ('iy', 12)]"
tcl,"[('tcl', 28), ('pcl', 26), ('dcl', 18), ('kcl', 9), ('v', 6)]"
d,"[('dx', 27), ('dh', 10), ('ix', 10), ('r', 8), ('d', 7)]"
iy,"[('iy', 46), ('y', 13), ('ix', 8), ('dcl', 7), ('ux', 6)]"
n,"[('dcl', 28), ('bcl', 23), ('n', 15), ('tcl', 7), ('m', 5)]"
er,"[('ae', 28), ('ix', 13), ('eh', 9), ('axr', 7), ('ay', 6)]"
q,"[('ix', 13), ('ae', 10), ('dh', 9), ('hv', 8), ('q', 8)]"
v,"[('f', 78), ('th', 7), ('tcl', 3), ('kcl', 2), ('z', 2)]"
gcl,"[('dcl', 72), ('gcl', 8), ('tcl', 6), ('dx', 4), ('kcl', 2)]"
ih,"[('ax', 27), ('l', 20), ('ih', 6), ('ow', 6), ('ix', 6)]"
w,"[('w', 30), ('l', 20), ('m', 12), ('ax', 9), ('n', 7)]"
eh,"[('ix', 31), ('eh', 18), ('ae', 16), ('ey', 11), ('ih', 11)]"
n,"[('dx', 17), ('v', 11), ('nx', 10), ('dh', 10), ('ix', 7)]"
ax,"[('r', 21), ('dx', 10), ('ax', 10), ('axr', 8), ('aa', 7)]"
l,"[('v', 33), ('dh', 16), ('b', 9), ('l', 6), ('d', 5)]"
q,"[('ae', 41), ('aa', 15), ('eh', 8), ('ah', 5), ('dx', 5)]"
tcl,"[('kcl', 30), ('tcl', 26), ('v', 13), ('gcl', 8), ('dcl', 5)]"
n,"[('n', 49), ('dcl', 15), ('m', 11), ('en', 6), ('gcl', 5)]"
ey,"[('ey', 39), ('ih', 20), ('ix', 15), ('iy', 13), ('eh', 5)]"
el,"[('ao', 23), ('ow', 19), ('l', 17), ('el', 8), ('aa', 7)]"
w,"[('w', 77), ('b', 7), ('l', 5), ('m', 4), ('v', 3)]"
uw,"[('l', 40), ('el', 18), ('w', 16), ('ao', 15), ('ow', 6)]"
tcl,"[('n', 51), ('m', 17), ('dcl', 10), ('dx', 7), ('tcl', 4)]"
aa,"[('ao', 29), ('l', 26), ('aa', 20), ('ah', 7), ('ow', 5)]"
m,"[('m', 40), ('n', 27), ('v', 6), ('r', 3), ('pcl', 2)]"
q,"[('ao', 26), ('l', 24), ('w', 19), ('el', 12), ('ow', 12)]"
s,"[('s', 72), ('z', 22), ('tcl', 2), ('t', 1), ('dcl', 1)]"
tcl,"[('kcl', 46), ('tcl', 25), ('dcl', 7), ('pcl', 7), ('th', 5)]"
t,"[('t', 64), ('d', 20), ('jh', 6), ('k', 4), ('z', 1)]"
ix,"[('ix', 25), ('n', 13), ('b', 8), ('ih', 8), ('m', 6)]"
w,"[('w', 89), ('b', 2), ('bcl', 2), ('l', 2), ('m', 2)]"
q,"[('eh', 12), ('ah', 12), ('axr', 10), ('ae', 10), ('ax', 7)]"
k,"[('k', 58), ('g', 15), ('p', 8), ('b', 6), ('kcl', 4)]"
p,"[('b', 13), ('d', 11), ('t', 10), ('dh', 8), ('tcl', 7)]"
d,"[('f', 80), ('d', 5), ('k', 4), ('t', 3), ('dh', 2)]"
eh,"[('ae', 46), ('eh', 18), ('ax', 5), ('ah', 5), ('q', 4)]"
